"order_detail_id","product_id","order_qty","order_price","order_status","order_datetime","user_id"
6344,7610,5,964.45,"Delivered","2023-08-20 19:56:23.076627",101453
4763,1374,3,201.93,"Delivered","2023-08-31 19:50:21.830428",101453
6166,3047,2,443.4,"Delivered","2023-11-30 09:59:08.46303",101453
4658,9079,10,4326.4,"Delivered","2023-09-23 17:01:53.309477",102050
4660,7199,9,3330.72,"Delivered","2023-04-13 23:19:38.504303",102050
6088,4554,5,830.45,"Delivered","2023-02-10 15:56:53.018623",102050
2449,6100,3,955.59,"Delivered","2023-05-03 14:48:08.670968",102795
8905,2992,4,1476.12,"Delivered","2023-04-02 22:55:36.191909",105872
9410,8540,2,304.88,"Delivered","2023-05-01 21:07:02.396904",105872
7094,2375,7,889.56,"Delivered","2023-06-07 10:03:40.216656",105872
4878,2542,8,1898.48,"Delivered","2023-05-08 21:24:37.052459",107353
7081,4424,5,1449.55,"Delivered","2023-09-28 13:46:53.494282",107353
5458,1203,1,221.04,"Delivered","2023-02-01 02:49:08.769334",107353
3810,7090,8,3143.44,"Delivered","2023-11-25 00:21:45.938119",107447
9654,8913,10,217.7,"Delivered","2023-10-03 20:38:08.51691",107447
5854,1339,7,2380.63,"Delivered","2023-03-16 20:38:46.549655",107447
3759,5194,4,1996.6,"Delivered","2023-08-16 14:46:36.219809",108616
4896,6628,6,2821.02,"Delivered","2023-02-19 02:38:10.623719",108638
9037,7970,9,3998.16,"Delivered","2023-08-28 00:41:09.051585",108638
9163,4433,5,487.05,"Delivered","2023-05-24 16:57:51.322458",108638
4176,2236,2,394.06,"Delivered","2023-09-21 10:36:55.120822",109360
4541,6315,2,784.44,"Delivered","2023-05-30 14:16:54.317224",109360
6103,1196,2,489.9,"Delivered","2023-05-20 18:00:36.135833",117701
2373,3137,9,477,"Delivered","2023-08-10 21:44:42.120797",117701
7444,3514,1,405.1,"Delivered","2023-03-08 15:52:34.749696",117701
3129,5322,3,189.6,"Delivered","2023-07-12 22:37:52.837588",122029
5520,9050,9,2785.23,"Delivered","2023-04-02 06:38:17.804636",122029
3625,4978,6,2343.6,"Delivered","2023-01-21 11:30:05.888146",122029
1639,7892,4,1179.88,"Delivered","2023-11-02 09:18:17.757876",122611
4418,5082,8,3043.52,"Delivered","2023-07-09 07:50:47.093497",122976
8418,2785,1,364.51,"Delivered","2023-06-26 16:56:36.069959",122976
7680,2776,9,2690.28,"Delivered","2023-03-12 20:02:17.198183",122976
6672,3258,1,314.24,"Delivered","2023-02-15 21:51:55.929347",126077
8026,8332,4,322.8,"Processing","2023-12-25 23:37:53.707657",127416
2439,7552,3,825.03,"Delivered","2023-05-31 04:22:39.375635",127915
9101,8893,4,1562.4,"Delivered","2023-10-26 13:42:15.737751",127915
8853,2708,10,2703.3,"Delivered","2023-02-09 00:59:48.992",127915
1072,9034,6,2500.8,"Delivered","2023-11-02 01:54:43.461759",128323
1344,2954,9,2681.82,"Delivered","2023-11-28 02:41:34.02177",130444
1104,1609,4,1618.16,"Delivered","2023-11-26 12:54:30.1059",130444
8590,8388,6,2557.68,"Delivered","2023-01-28 12:02:07.715582",130444
3226,5840,3,303.03,"Delivered","2023-07-06 11:53:39.757323",130867
9769,3778,3,251.85,"Delivered","2023-05-02 12:03:48.471945",130867
3319,3360,5,282.2,"Delivered","2023-10-11 02:18:45.130463",130867
8903,4161,8,2530,"Delivered","2023-10-06 05:54:41.134298",131130
9501,9234,6,2944.98,"Delivered","2023-07-29 03:11:32.149293",132179
1369,3065,7,3488.66,"Delivered","2023-11-14 08:17:33.198887",132179
8518,7047,1,375.58,"Delivered","2023-02-28 19:17:41.436957",132224
1048,7822,1,239.91,"Delivered","2023-11-15 22:22:31.714803",132244
2565,8847,4,617.56,"Delivered","2023-01-27 19:13:09.940019",132244
7787,3750,6,2736.18,"Delivered","2023-03-04 12:42:26.827868",132244
2426,8245,3,1306.17,"Delivered","2023-03-20 11:01:02.724276",132274
3846,6470,8,250.56,"Delivered","2023-10-06 00:35:29.382375",132274
6027,8214,3,81.3,"Delivered","2023-06-05 17:22:19.036645",132274
6933,3327,6,83.82,"Delivered","2023-03-31 14:13:23.580849",133734
8179,6745,10,4820.4,"Delivered","2023-02-16 22:31:21.247316",133951
6796,8353,1,462.57,"Delivered","2023-02-15 19:30:51.588294",133951
4839,6823,1,297.86,"Delivered","2023-09-26 09:41:14.810113",133951
7429,3016,1,253.26,"Delivered","2023-07-18 06:33:48.488293",134865
3652,9332,2,759.24,"Delivered","2023-07-07 22:53:56.189233",134865
4113,1905,3,865.74,"Delivered","2023-03-31 09:46:25.400301",134865
2758,8117,1,460.99,"Delivered","2023-02-03 09:30:48.330308",135403
8132,6142,4,331.8,"Delivered","2023-10-02 05:13:28.006816",136072
2475,5293,7,1879.01,"Delivered","2023-08-28 04:14:40.309072",136072
5593,6231,5,2005.85,"Delivered","2023-03-30 07:48:11.292693",136687
4287,3456,3,187.65,"Delivered","2023-11-16 22:59:41.847426",136687
7612,3435,5,279.75,"Delivered","2023-07-17 08:01:32.018022",136687
8916,7202,10,3945.5,"Delivered","2023-10-03 15:41:50.83454",137252
2182,8403,9,4057.2,"Delivered","2023-10-05 12:45:28.14855",137252
3245,3138,1,98.84,"Delivered","2023-02-25 18:01:42.725977",138365
3775,1234,10,1646.7,"Delivered","2023-11-12 14:53:54.20122",138365
7025,1578,1,318.38,"Delivered","2023-09-15 02:09:49.724998",139262
4836,2122,1,472.79,"Delivered","2023-09-13 13:11:15.321127",140356
3687,4144,2,882.64,"Delivered","2023-05-18 14:37:23.833306",140356
1763,8102,10,3387.9,"Delivered","2023-11-24 23:37:45.241116",140356
9922,4227,7,841.05,"Delivered","2023-05-12 06:15:34.846589",140708
3954,8295,10,579.8,"Delivered","2023-09-12 07:49:57.772904",140708
2076,4285,8,852.56,"Delivered","2023-03-19 09:05:18.067194",140834
1885,6212,4,1253.04,"Delivered","2023-09-15 00:45:34.797639",141231
1103,1726,1,179.91,"Delivered","2023-03-17 16:17:30.092018",141231
1517,1048,3,819.6,"Delivered","2023-03-14 19:03:33.701181",141742
2158,7533,9,241.56,"Delivered","2023-06-06 06:44:42.056062",141742
8867,7772,2,868.42,"Delivered","2023-09-02 14:49:08.533085",142897
2479,5734,8,2464.16,"Delivered","2023-02-24 05:04:08.937669",143147
8486,6223,1,363.13,"Delivered","2023-10-04 17:10:01.076616",143147
8099,8138,9,3791.43,"Delivered","2023-05-04 00:32:21.373739",143147
6343,9413,4,500.52,"Delivered","2023-03-07 04:08:10.407305",144092
3266,7673,3,891.45,"Delivered","2023-06-27 18:09:40.413468",144092
8301,8843,9,3888.99,"Delivered","2023-11-27 04:42:34.234493",144092
9535,2827,9,360.09,"Delivered","2023-09-19 09:07:27.541165",146883
2455,3963,10,954.3,"Delivered","2023-07-20 10:07:49.0211",147010
6521,4298,2,491.58,"Delivered","2023-09-03 09:50:12.491968",147010
8797,2153,4,1247.56,"Delivered","2023-03-06 13:14:46.854601",147854
7176,7137,2,827.62,"Delivered","2023-06-25 19:32:31.108374",147854
6707,5148,8,1802.24,"Delivered","2023-08-09 20:13:58.044512",148027
4608,7009,5,938.05,"Delivered","2023-01-26 16:51:15.805552",148539
7314,1504,8,373.52,"Delivered","2023-09-19 01:28:01.539327",148539
3644,4824,4,850.48,"Delivered","2023-08-26 07:45:56.307104",148883
7605,9308,5,2052.1,"Delivered","2023-05-14 22:16:49.599499",148883
7089,5434,6,1612.8,"Delivered","2023-06-21 14:43:30.194264",148883
9280,4396,7,506.73,"Delivered","2023-11-24 03:45:48.082419",149134
5591,3732,2,977.52,"Delivered","2023-11-21 20:01:38.967049",149134
6240,8189,7,3069.78,"Delivered","2023-08-01 09:44:51.094637",149134
5966,7037,10,833.4,"Delivered","2023-04-20 12:16:03.055086",151289
5174,5973,10,1670,"Delivered","2023-05-14 18:29:10.665781",151810
1262,3507,4,941.4,"Delivered","2023-07-11 11:20:56.060109",151810
4604,2354,7,2037.91,"Delivered","2023-09-12 09:55:04.56554",151810
4489,5013,3,1425.51,"Delivered","2023-05-05 15:04:31.065156",151827
9936,6957,7,918.54,"Delivered","2023-03-16 09:31:03.967118",151827
6651,6232,4,1673.32,"Delivered","2023-05-08 14:09:51.510062",151827
1023,3355,8,2937.76,"Delivered","2023-06-26 15:50:45.39362",152317
4458,9415,7,1775.34,"Delivered","2023-05-12 01:27:16.937678",152317
4284,2001,1,192.3,"Delivered","2023-10-21 13:49:45.428171",152317
4715,4573,5,365.5,"Delivered","2023-06-11 23:34:48.045618",152737
7373,7936,1,91.32,"Delivered","2023-09-26 20:44:46.483732",152737
9040,1124,10,770.9,"Delivered","2023-05-19 18:20:26.230565",152737
6462,4867,2,556.7,"Delivered","2023-08-28 06:00:49.422705",153020
9575,7041,6,1450.08,"Delivered","2023-04-22 12:06:13.463273",153020
1129,3352,10,3385.8,"Delivered","2023-04-02 00:53:59.877458",153020
6009,5389,9,900.9,"Delivered","2023-09-03 16:26:51.81816",153565
8731,9692,2,311.92,"Delivered","2023-04-14 04:15:27.882059",153565
3757,4362,6,2263.38,"Delivered","2023-03-19 12:27:13.055556",154545
6132,6963,5,1468,"Delivered","2023-01-09 10:49:16.111412",154888
6662,7321,9,2213.46,"Delivered","2023-02-27 23:23:24.728785",154888
6516,7110,9,2815.47,"Delivered","2023-08-30 12:18:26.215243",154888
2335,5709,9,3870.99,"Delivered","2023-01-17 02:16:23.920848",155203
1248,5436,6,2410.68,"Delivered","2023-11-02 22:47:11.25025",155203
8251,2421,9,4152.69,"Delivered","2023-08-06 21:35:10.274532",155203
6403,7763,1,429.57,"Delivered","2023-07-30 06:16:05.999105",157078
5991,6942,5,1849.5,"Delivered","2023-04-09 21:45:07.931721",157078
5748,6666,2,801.08,"Delivered","2023-06-30 15:11:57.877901",157163
6253,7189,8,1407.84,"Delivered","2023-04-24 01:17:04.326879",157163
5039,2781,1,177.1,"Processing","2023-12-11 19:21:46.411488",157163
5095,8659,1,61.09,"Delivered","2023-08-29 04:26:07.039968",159336
5552,6485,1,262.97,"Delivered","2023-06-04 13:44:08.216119",159336
7489,9559,4,1741.36,"Delivered","2023-04-22 15:26:59.460981",159336
7517,6555,9,900.18,"Delivered","2023-02-12 13:40:08.2552",160115
5880,3377,2,813.46,"Delivered","2023-11-29 03:00:32.277194",160115
6066,3734,3,535.08,"Delivered","2023-10-29 03:53:41.697231",160124
1334,2778,9,3152.16,"Delivered","2023-11-13 14:21:29.410481",160124
4356,9062,7,3349.78,"Delivered","2023-08-07 10:34:54.100839",160124
5407,2623,9,4172.4,"Delivered","2023-05-26 17:44:29.554916",161363
2159,4309,8,1339.44,"Delivered","2023-07-10 00:52:12.954884",161363
8839,2662,2,695.56,"Delivered","2023-11-30 21:07:01.510568",161920
1184,8840,8,1016.4,"Delivered","2023-05-04 06:35:41.184524",163440
6082,1974,3,1205.7,"Delivered","2023-02-14 14:28:57.403666",163440
4885,9313,1,61.95,"Delivered","2023-08-06 03:43:20.091912",163440
5246,1766,10,2020.1,"Delivered","2023-05-25 20:16:38.33453",163662
9701,5800,6,2677.62,"Delivered","2023-04-22 16:53:49.385126",164021
5475,4445,9,3398.4,"Delivered","2023-10-07 18:40:55.625908",164527
6577,3249,2,587.72,"Delivered","2023-02-15 19:11:13.855595",164527
4456,4583,3,188.49,"Delivered","2023-08-20 04:26:36.247535",164527
3407,1043,8,2316.88,"Delivered","2023-06-16 23:45:47.936024",167469
7503,4788,7,2839.13,"Delivered","2023-07-12 13:53:13.338811",167469
1988,9284,6,2756.76,"Delivered","2023-07-27 21:45:34.659599",167469
2574,8571,1,136.03,"Delivered","2023-05-30 14:02:16.308387",167732
3238,3497,2,455.84,"Delivered","2023-04-20 12:47:52.530104",167971
8583,1948,6,752.52,"Delivered","2023-07-02 23:05:49.126263",168397
9465,8491,3,740.07,"Delivered","2023-06-04 04:16:19.56305",169379
8129,4454,9,1178.1,"Delivered","2023-11-11 10:09:09.844278",169379
9009,7442,6,730.32,"Delivered","2023-08-16 06:58:28.164959",169788
8976,9253,3,760.41,"Delivered","2023-08-28 11:32:19.358394",169788
8722,6053,10,1280.4,"Delivered","2023-04-19 13:12:06.642957",170402
8889,2655,3,516.09,"Delivered","2023-05-02 04:58:48.964712",170402
2702,4539,3,1055.1,"Delivered","2023-02-09 05:45:53.674798",170645
9953,5022,8,1014.64,"Delivered","2023-11-25 21:04:32.125661",170645
4068,4896,4,1875.56,"Delivered","2023-09-27 08:08:07.391496",170645
3154,5945,2,37.68,"Delivered","2023-01-30 14:05:44.551072",170922
8610,6327,3,985.95,"Delivered","2023-09-19 12:51:45.129527",170922
7708,4152,10,2362.2,"Delivered","2023-03-09 21:40:46.297976",171092
7495,4654,10,1803.5,"Delivered","2023-01-15 11:07:17.729283",171092
3029,6352,10,4928.9,"Delivered","2023-11-16 01:12:02.397839",171769
9307,6098,6,1970.52,"Delivered","2023-05-06 18:47:17.00666",172494
2218,2319,5,366.6,"Delivered","2023-05-28 04:52:47.094898",172494
3249,8993,1,348.96,"Delivered","2023-12-05 18:38:32.012726",172704
4621,7496,3,262.05,"Delivered","2023-11-03 05:32:02.911169",172704
7120,4117,1,51.5,"Delivered","2023-06-24 05:05:56.923123",172704
1392,3741,1,214.78,"Delivered","2023-05-05 21:26:06.045619",173800
6210,9092,9,3524.49,"Delivered","2023-01-21 07:00:30.848341",173800
2013,2165,3,111.99,"Delivered","2023-08-31 11:01:45.626477",173800
2532,2864,2,787.84,"Delivered","2023-05-11 08:17:07.459095",174367
6050,8433,3,563.16,"Delivered","2023-07-15 13:02:35.741166",174367
7504,8618,4,1030.84,"Delivered","2023-01-09 07:39:39.901099",175402
8775,6880,9,2280.96,"Delivered","2023-11-10 02:18:27.437378",175402
3162,5119,6,1860.66,"Delivered","2023-09-02 14:46:38.233357",177118
7044,5944,10,3508,"Delivered","2023-10-14 04:39:34.809194",177118
9483,9575,2,308.5,"Delivered","2023-06-22 06:07:33.770422",177118
5078,4725,7,2336.88,"Delivered","2023-03-21 07:25:55.022572",178219
9418,8182,6,2856.54,"Delivered","2023-08-22 22:23:25.866028",178219
8230,5040,3,587.31,"Delivered","2023-09-30 03:09:10.046544",178347
6848,6079,5,1796.55,"Delivered","2023-03-07 16:15:48.521013",178347
2891,1487,3,225.24,"Delivered","2023-04-01 19:11:16.033334",178347
6436,7899,6,2239.8,"Delivered","2023-07-02 09:47:00.568889",178743
6037,8213,8,1396.72,"Delivered","2023-07-09 01:07:15.841477",178743
7509,7897,4,1622.56,"Delivered","2023-04-06 23:29:51.790214",178743
8723,7765,7,2693.11,"Delivered","2023-07-22 20:16:46.07792",179551
4377,4525,4,851.24,"Delivered","2023-05-23 22:36:52.63707",180072
2229,7894,1,476.26,"Delivered","2023-06-04 07:09:41.084302",180072
3690,5503,6,271.14,"Delivered","2023-06-28 07:19:33.17415",180314
5682,8104,8,2681.76,"Delivered","2023-09-06 20:11:53.827202",180314
4054,1392,2,665.22,"Delivered","2023-08-15 20:57:03.237611",180314
4070,7015,8,641.92,"Delivered","2023-10-31 04:17:44.467237",181054
8762,4674,2,57.9,"Delivered","2023-09-18 12:44:59.122193",181054
9998,9891,6,729.18,"Delivered","2023-09-09 06:08:08.154262",181054
3750,6759,5,1602.05,"Delivered","2023-11-18 08:21:09.082488",182386
7188,7798,2,474.52,"Delivered","2023-03-30 20:45:07.385127",182386
6854,1588,7,1396.29,"Delivered","2023-05-18 06:17:38.197077",183681
4481,1912,5,2396.7,"Delivered","2023-08-24 18:26:39.647932",183681
2290,2304,4,1545.12,"Delivered","2023-07-26 15:29:43.379987",185480
7750,5642,1,441.05,"Delivered","2023-09-26 00:56:29.191916",185480
3835,1299,1,447.41,"Delivered","2023-10-22 16:38:13.348722",186673
8303,7523,5,1775.25,"Delivered","2023-07-12 03:45:32.011695",186673
2705,3780,2,397.24,"Delivered","2023-09-28 11:43:54.159534",186688
7364,9495,4,1385.16,"Delivered","2023-05-16 00:36:36.970783",188359
6203,4370,3,773.46,"Delivered","2023-09-07 08:33:39.692016",188359
8529,9508,6,2568,"Delivered","2023-09-10 14:39:43.840956",188359
6914,6500,9,3524.94,"Delivered","2023-11-27 20:13:10.345716",191860
9502,4000,1,222.17,"Delivered","2023-04-20 10:57:39.190477",191860
9504,6243,8,3582.8,"Delivered","2023-05-28 12:36:33.987416",192837
7147,2323,8,3854.8,"Delivered","2023-07-10 03:56:45.169339",192837
7453,8310,8,1333.2,"Delivered","2023-09-22 00:57:25.921683",192837
3805,7508,5,942.25,"Delivered","2023-08-30 11:48:27.099433",194586
3020,3701,10,3454.7,"Delivered","2023-06-03 20:40:25.039887",195522
8259,7329,9,1832.67,"Delivered","2023-08-05 14:24:48.957779",195522
8633,2804,4,1661.28,"Delivered","2023-02-02 08:03:06.232679",195522
9865,7516,4,1105.6,"Delivered","2023-02-28 22:23:44.344303",196057
5067,3557,9,1591.2,"Delivered","2023-08-10 13:07:33.974189",196057
7243,5889,1,387.03,"Delivered","2023-03-03 02:03:14.232997",196057
8210,7135,1,192.6,"Delivered","2023-04-13 19:28:32.671003",196117
6741,1433,2,589.28,"Delivered","2023-04-14 21:16:29.218774",196117
3707,2434,5,1522.8,"Delivered","2023-08-04 17:05:05.381499",196169
4045,5184,4,418.04,"Delivered","2023-08-22 17:49:07.592716",196169
3485,1666,10,4038.1,"Delivered","2023-06-05 08:58:44.260238",197310
1572,8798,3,285.06,"Delivered","2023-10-30 22:41:35.250142",197564
3610,5173,9,602.1,"Delivered","2023-09-06 06:04:32.420369",197564
5040,3680,9,945.27,"Delivered","2023-03-31 10:19:48.829225",197823
7200,7989,7,1106.42,"Delivered","2023-03-27 09:55:59.405436",198485
7921,9117,5,488.6,"Delivered","2023-05-09 15:07:08.975827",202483
7187,2097,7,182.7,"Delivered","2023-06-23 15:36:22.340044",202695
1304,5112,5,721.75,"Delivered","2023-09-10 21:22:59.619715",202695
4734,3419,9,1976.4,"Delivered","2023-04-22 18:11:57.881803",202695
7302,3320,8,265.52,"Delivered","2023-06-16 19:36:14.616958",203203
7234,1728,2,73.44,"Delivered","2023-02-14 17:40:51.204662",204301
2456,1935,6,1796.04,"Delivered","2023-07-07 13:26:32.502071",204301
2368,6509,3,1414.65,"Delivered","2023-09-26 17:05:39.357416",204539
4464,2296,7,1960.07,"Delivered","2023-11-05 17:06:42.830176",204539
2666,9328,5,2387.85,"Delivered","2023-03-15 08:30:00.335652",204539
3550,2852,2,290.86,"Delivered","2023-03-23 02:04:24.30894",204904
6687,3278,5,1871.65,"Delivered","2023-10-25 14:17:25.153186",205517
2979,9200,2,510.62,"Delivered","2023-12-02 06:10:58.642535",205517
6024,7477,3,127.92,"Delivered","2023-07-30 15:38:06.929941",205517
6045,5273,2,285.52,"Delivered","2023-08-21 19:59:52.974584",206509
3943,9483,2,737.26,"Delivered","2023-02-21 11:38:00.34544",206509
5725,8398,5,114.95,"Delivered","2023-11-30 16:16:20.79181",207148
2778,6760,8,2826.16,"Delivered","2023-11-17 17:19:56.640153",207148
7311,9502,9,386.28,"Delivered","2023-11-24 21:48:48.77985",207740
9743,7424,5,782.3,"Delivered","2023-04-19 23:26:15.152041",207767
8427,9245,3,1037.34,"Delivered","2023-01-06 13:57:51.111998",207767
1203,9707,6,334.38,"Delivered","2023-05-23 05:58:25.542979",207767
8462,1738,9,2238.75,"Delivered","2023-05-07 02:05:09.950495",208399
4438,9740,6,1120.14,"Delivered","2023-06-12 06:14:30.062752",208399
5618,8502,3,1363.5,"Delivered","2023-11-28 06:05:12.274146",209873
9829,3092,8,3267.52,"Delivered","2023-06-22 02:02:23.765277",211414
1933,5126,9,2832.12,"Delivered","2023-01-26 08:43:33.27214",211414
8908,2972,6,1116.6,"Delivered","2023-03-18 14:45:46.789822",211414
7784,3834,2,948.3,"Delivered","2023-10-01 13:24:07.409275",211736
9042,4279,1,371.73,"Delivered","2023-02-26 20:01:14.143687",211935
6780,8663,9,1885.59,"Delivered","2023-05-15 20:14:09.958026",212177
3441,5512,2,449.84,"Delivered","2023-05-14 10:29:19.468576",212279
2498,8067,5,1856.9,"Delivered","2023-02-12 02:49:02.61813",212279
5006,4572,1,168.69,"Delivered","2023-06-16 23:21:01.484782",212301
3086,9926,2,990.5,"Delivered","2023-10-31 13:11:13.769094",212301
8896,5071,5,1498,"Delivered","2023-03-25 05:21:54.0643",212301
2004,3116,9,1119.24,"Delivered","2023-03-18 10:52:50.085266",212470
2032,7988,1,154.59,"Delivered","2023-02-17 20:57:01.989901",213636
5193,8654,9,2369.34,"Delivered","2023-02-01 21:35:20.401615",213748
5209,2015,5,1582.3,"Delivered","2023-07-16 04:01:42.966879",213748
7737,9492,1,64.98,"Delivered","2023-06-29 00:29:22.539545",214632
7293,7221,4,1706.24,"Delivered","2023-09-27 13:22:04.46474",214632
6834,1720,3,272.1,"Delivered","2023-07-24 09:41:33.011905",214632
1085,3119,6,2223.06,"Delivered","2023-02-01 16:45:39.560746",214803
4889,5936,2,832,"Delivered","2023-09-27 00:18:01.757802",215457
9821,8216,4,397.12,"Delivered","2023-11-07 20:14:39.32387",215457
9427,4921,8,1846.88,"Delivered","2023-06-23 14:55:30.414417",215457
6724,6213,7,2329.6,"Delivered","2023-03-07 00:46:03.990842",215678
8942,6133,8,1339.6,"Delivered","2023-03-20 22:50:37.733862",216978
5600,2121,4,502.32,"Delivered","2023-05-15 14:25:07.799399",217293
9484,8590,4,1226.88,"Delivered","2023-09-21 17:45:07.274969",218865
5946,1407,5,1744.15,"Delivered","2023-04-29 11:42:33.149874",218865
2457,1813,10,4510,"Delivered","2023-09-03 15:14:19.375222",220549
3091,5386,5,1032.9,"Delivered","2023-04-20 20:15:27.210514",220549
3617,2264,9,3906.72,"Delivered","2023-04-12 17:26:31.623527",221618
1399,4849,2,95.62,"Delivered","2023-03-18 13:45:47.782588",221618
8365,1708,8,904.16,"Delivered","2023-11-29 12:16:44.457517",221618
5814,5705,8,3606.32,"Delivered","2023-08-01 03:01:07.815685",222724
8443,7841,8,698.16,"Delivered","2023-05-06 23:17:55.631596",222724
4345,5274,8,2241.92,"Delivered","2023-04-12 23:08:19.600804",223414
8646,3657,2,851.08,"Delivered","2023-07-27 23:45:31.96878",223414
5245,2977,6,2159.52,"Delivered","2023-10-30 22:32:13.026476",224956
6413,5968,8,2125.68,"Delivered","2023-08-12 12:53:52.484941",224956
2627,5948,10,2565,"Delivered","2023-11-17 09:06:00.796353",227879
6970,4769,4,1545.64,"Delivered","2023-10-29 22:34:29.879647",227879
8000,7734,4,412.04,"Delivered","2023-07-15 19:59:53.055855",227879
6801,3448,8,3127.92,"Delivered","2023-02-23 01:55:27.512897",228401
6617,6390,5,381.05,"Delivered","2023-09-03 02:07:33.571361",228401
9087,2714,9,1381.86,"Delivered","2023-08-04 05:54:42.160002",228401
9406,7130,1,265.04,"Delivered","2023-05-19 05:41:52.513",228486
6351,1243,1,97.83,"Delivered","2023-08-02 12:15:06.293495",228486
5109,5522,4,1358.32,"Delivered","2023-02-23 00:39:33.797384",228486
9437,9391,1,491.53,"Delivered","2023-07-22 23:16:07.429327",229234
4626,7147,10,1972.4,"Delivered","2023-02-04 13:22:41.837058",229476
9070,4351,2,265.18,"Delivered","2023-07-10 21:19:38.198035",230374
2828,9048,2,702.54,"Delivered","2023-12-07 19:40:55.980349",230374
5739,4985,4,129.44,"Delivered","2023-02-25 17:49:34.517655",230903
8611,3945,10,4658.7,"Delivered","2023-07-26 01:06:59.348386",230903
7058,2645,10,3499.4,"Delivered","2023-06-13 21:42:48.956414",230903
2644,2560,5,2204.55,"Delivered","2023-01-29 05:32:38.665793",231020
8109,5789,4,1654.36,"Delivered","2023-04-02 04:37:23.675485",232009
1757,4258,2,241.14,"Delivered","2023-07-30 13:41:53.017255",233301
2995,6855,1,104.88,"Delivered","2023-05-09 17:08:14.599905",233301
5879,5842,7,727.93,"Delivered","2023-08-07 04:50:38.449086",233301
7269,8534,9,3917.88,"Delivered","2023-06-10 21:02:03.203959",233815
5932,5307,2,267.56,"Processing","2023-12-12 20:46:11.855508",233815
7340,7158,5,2365.15,"Delivered","2023-07-14 19:49:38.19542",236271
6584,5501,7,2032.03,"Delivered","2023-07-17 21:49:43.909424",236447
2194,2908,2,196.74,"Delivered","2023-05-24 09:45:40.306158",236447
7594,7748,3,716.94,"Delivered","2023-01-11 17:58:07.942712",237041
8492,3538,7,381.78,"Delivered","2023-05-05 15:09:42.997039",237067
7951,6606,5,814.7,"Delivered","2023-04-10 10:38:03.807756",237067
5882,1600,3,244.41,"Delivered","2023-10-08 08:39:13.134343",237067
4471,1347,10,347.5,"Delivered","2023-06-22 02:11:29.777",237682
6276,2543,9,2950.29,"Delivered","2023-05-27 15:10:38.212632",237682
7792,3147,5,1164.55,"Delivered","2023-10-06 07:01:21.927283",237682
4168,8799,10,1191.5,"Delivered","2023-07-17 20:37:17.533844",238226
9691,1068,4,1232.48,"Delivered","2023-08-29 09:46:46.277396",238226
5004,9875,5,1148.6,"Delivered","2023-11-01 15:39:35.609565",238226
5457,1351,7,1398.32,"Delivered","2023-05-18 16:16:59.711857",238925
1870,5706,7,2886.31,"Delivered","2023-03-23 07:32:37.69494",239480
2347,6778,8,3120.88,"Delivered","2023-10-25 06:10:43.148392",239480
6783,3656,9,4319.37,"Delivered","2023-05-03 00:32:59.873711",239997
3031,8754,10,4116.5,"Delivered","2023-05-19 10:46:29.238368",239997
1193,6743,7,2498.02,"Delivered","2023-04-04 22:11:55.694194",239997
3205,5877,5,2137.3,"Delivered","2023-07-16 02:48:26.350896",242890
1702,5023,9,2036.34,"Delivered","2023-11-24 08:13:04.989358",242890
3120,2741,5,1038.65,"Delivered","2023-10-09 11:53:30.105112",244382
8801,1972,10,1837.6,"Delivered","2023-08-07 11:56:37.314356",245380
2178,2452,8,156.32,"Delivered","2023-11-30 07:30:08.416249",245380
6147,2214,3,1403.13,"Delivered","2023-05-24 18:18:59.00557",246021
7248,7269,1,47.02,"Delivered","2023-09-25 01:02:22.138383",246062
1035,3943,10,2023,"Delivered","2023-10-07 12:39:13.376815",246062
7832,8080,5,1540.95,"Delivered","2023-03-12 07:39:38.253834",246122
7367,1830,10,2638.9,"Delivered","2023-01-05 23:31:35.928293",246122
8003,3707,5,1411.65,"Delivered","2023-05-23 09:29:38.382388",246122
1752,8959,1,76.79,"Delivered","2023-05-29 06:27:24.352578",246848
1150,5891,1,448.39,"Delivered","2023-02-02 21:54:18.856071",246848
5855,4325,8,3269.04,"Delivered","2023-08-25 03:35:25.4934",247788
8621,7493,10,4133.6,"Delivered","2023-03-30 12:15:10.957883",247788
3931,8870,5,872.95,"Delivered","2023-06-02 18:47:52.516948",249803
3140,6167,3,1016.82,"Delivered","2023-04-13 05:36:12.901565",249803
5555,6534,5,1545.15,"Delivered","2023-03-14 12:13:42.592843",249803
1467,1980,5,2292.55,"Delivered","2023-03-25 04:44:07.380879",250482
9488,4671,2,202.78,"Delivered","2023-08-27 02:43:00.663867",250482
3983,7114,5,218.35,"Delivered","2023-08-09 20:25:40.19524",250482
1564,8187,8,885.52,"Delivered","2023-04-11 12:59:27.157437",251165
6531,2381,5,2413.65,"Delivered","2023-07-02 06:25:51.348978",251165
6802,2191,4,1071.88,"Delivered","2023-02-13 01:17:08.428969",252793
2960,8467,7,917.91,"Delivered","2023-07-19 21:43:48.198136",252793
7554,5726,9,2118.42,"Delivered","2023-08-13 05:27:07.766038",252793
2296,6707,1,155.49,"Processing","2023-12-11 06:28:22.128607",254353
8020,5265,3,316.11,"Delivered","2023-09-28 07:05:53.109196",254353
1707,5495,7,1685.11,"Delivered","2023-01-19 17:21:46.751485",254497
6828,1226,6,1989.84,"Delivered","2023-08-30 02:08:00.309619",255759
6038,2689,9,1072.44,"Delivered","2023-11-16 14:47:28.622784",256004
4829,6135,1,484.54,"Delivered","2023-06-18 07:29:50.266961",256004
6444,1137,4,1704.28,"Delivered","2023-03-31 22:25:44.260329",256004
3013,7123,8,3792.88,"Delivered","2023-04-08 04:37:42.677032",256215
5923,5670,6,2503.2,"Delivered","2023-06-14 10:49:44.739782",256215
7937,2873,10,373.9,"Delivered","2023-07-24 23:23:07.845071",256541
4927,9527,10,904.6,"Delivered","2023-09-12 07:15:33.583094",258044
6288,5626,8,1964.08,"Delivered","2023-09-20 18:48:43.967162",258044
7048,9335,6,187.86,"Delivered","2023-01-29 15:35:35.020606",259024
7153,4874,7,1294.58,"Delivered","2023-08-26 05:59:01.692129",262230
1934,3976,2,367.64,"Delivered","2023-04-05 08:35:13.810676",263490
5812,7381,4,688.44,"Delivered","2023-10-02 21:40:27.176093",265072
5791,3890,10,3545.8,"Delivered","2023-01-09 11:56:11.200114",265072
8366,2446,5,2018.95,"Delivered","2023-10-19 19:23:39.898944",265678
2418,8101,1,12.13,"Delivered","2023-06-05 17:44:23.831471",265678
4932,6588,6,1048.86,"Delivered","2023-07-17 12:49:38.423998",265678
7838,1099,8,3856.8,"Delivered","2023-01-17 21:42:46.224906",266031
1431,5703,4,1528.88,"Delivered","2023-08-11 16:52:33.861737",266031
5675,7992,9,2868.21,"Delivered","2023-08-21 17:21:44.234742",266031
1254,3171,3,1254.21,"Delivered","2023-03-10 22:01:44.443114",266993
5734,9843,3,1414.08,"Delivered","2023-01-26 23:49:59.28457",267158
4342,7171,8,2470.24,"Delivered","2023-10-18 23:32:58.996602",267158
7788,7835,9,1925.1,"Delivered","2023-06-29 18:23:05.414453",267158
5836,9029,8,394.08,"Delivered","2023-03-06 04:56:44.063559",271339
7180,4166,3,676.47,"Delivered","2023-05-22 14:36:33.020949",273135
2610,9574,1,135.65,"Delivered","2023-02-25 04:55:12.31652",273135
8372,3653,10,1372.3,"Delivered","2023-05-29 01:32:36.285212",273135
9004,1767,3,792.3,"Processing","2023-12-19 11:42:58.108299",273472
8679,5805,7,1189.02,"Delivered","2023-09-05 18:54:15.122276",274328
4190,7245,9,1920.51,"Delivered","2023-07-22 17:52:43.500819",274328
1696,6527,5,1450.85,"Processing","2023-12-10 11:59:22.296604",274328
6860,5267,4,892.08,"Delivered","2023-05-09 22:56:11.075325",277417
9927,4379,1,463.63,"Delivered","2023-06-05 23:52:54.186578",277417
4711,3347,5,2427.6,"Delivered","2023-10-02 19:38:11.123468",277417
9124,3886,8,3652.48,"Delivered","2023-02-18 19:12:51.767114",277438
6219,3260,5,262.75,"Delivered","2023-03-31 01:06:54.45483",277438
2998,9109,5,478.15,"Delivered","2023-03-04 01:25:12.533324",277925
6171,4899,6,2019.9,"Delivered","2023-08-12 23:54:27.54266",278835
7969,9272,5,139.5,"Delivered","2023-11-30 01:27:18.527329",278835
1122,9587,7,2525.74,"Delivered","2023-10-30 00:44:09.954848",278835
4263,2523,10,1313.1,"Delivered","2023-02-25 16:38:50.827698",279238
8451,2750,9,530.46,"Delivered","2023-04-22 05:29:53.146594",282151
9444,4369,4,1726.32,"Delivered","2023-06-25 20:56:56.444528",282151
5915,3938,1,418.61,"Delivered","2023-11-07 21:10:42.532141",282365
3148,9757,3,789.75,"Delivered","2023-07-15 12:46:59.469519",282365
9635,6419,9,3129.84,"Delivered","2023-08-20 09:26:22.624246",282365
4812,4973,1,309.68,"Delivered","2023-07-21 14:56:23.309846",283071
7232,1501,3,501.69,"Delivered","2023-06-19 14:52:34.06301",283071
7096,9817,10,3797.2,"Delivered","2023-04-05 10:40:50.755472",284993
4509,5864,10,2964,"Delivered","2023-03-11 06:50:38.971286",284993
5266,5052,5,382.75,"Delivered","2023-01-10 11:45:24.796258",284993
3702,4058,7,2524.06,"Delivered","2023-07-30 18:51:10.625308",285245
6114,7737,3,1295.07,"Delivered","2023-07-23 13:15:18.499692",285245
1901,3368,6,2287.14,"Delivered","2023-03-17 15:04:59.693929",285245
4102,6838,3,1049.07,"Delivered","2023-07-29 18:56:50.770275",285709
8412,7416,9,2681.46,"Delivered","2023-08-27 23:17:29.013153",285709
4248,6724,1,289.2,"Delivered","2023-06-17 02:11:51.853284",289155
7986,6452,3,740.67,"Delivered","2023-11-03 00:46:17.013061",289155
2872,1413,9,3604.05,"Shipped","2023-12-19 18:37:09.257593",289414
6096,9013,4,1944.2,"Delivered","2023-05-05 13:20:00.566196",289414
2554,9406,2,439.76,"Delivered","2023-08-24 14:59:00.151803",289792
9071,7705,3,1404.24,"Delivered","2023-01-16 02:24:15.574657",290148
4420,1450,4,982.96,"Delivered","2023-09-24 09:48:00.123988",290148
6501,2669,7,957.53,"Delivered","2023-05-26 16:51:00.98101",290148
6641,9202,2,727.12,"Delivered","2023-08-07 06:43:39.145319",290737
3188,8811,10,4612.4,"Delivered","2023-10-07 09:23:43.022135",291428
1049,4109,6,1002,"Delivered","2023-07-29 05:44:42.709099",291428
5117,6688,3,243,"Delivered","2023-05-20 15:59:14.781523",291428
2898,4879,1,456.92,"Delivered","2023-02-28 18:57:13.786364",291929
4606,8448,3,1114.47,"Delivered","2023-06-30 20:55:38.865186",291929
3384,5928,10,1896.8,"Delivered","2023-07-30 19:36:36.715933",291929
3007,9877,5,1554.05,"Delivered","2023-07-11 04:20:49.985683",292222
2513,6834,2,175.96,"Processing","2023-12-17 10:00:51.356135",292222
2690,3561,2,629.6,"Delivered","2023-05-05 05:55:33.909832",292222
6686,9652,8,327.84,"Delivered","2023-03-12 02:06:59.98824",292527
4890,3596,9,1640.79,"Delivered","2023-10-03 23:54:30.09501",292527
5300,4679,6,1125.96,"Delivered","2023-08-27 20:09:40.275643",293469
4427,4800,5,1282.35,"Delivered","2023-07-14 14:32:52.95797",293469
7604,9543,5,284.65,"Delivered","2023-09-03 00:00:24.482667",295347
9445,6000,5,1518.45,"Delivered","2023-06-15 16:37:15.40488",295347
2236,3386,5,1581.05,"Delivered","2023-02-18 12:19:54.101268",296628
9188,4262,2,742.64,"Delivered","2023-06-13 05:26:30.756865",296628
9160,1824,8,105.84,"Delivered","2023-11-18 17:56:10.092054",298207
9633,7422,3,1068.9,"Delivered","2023-01-31 07:34:52.260857",298207
1973,4564,1,249.59,"Delivered","2023-03-27 08:52:30.642188",298207
2910,9142,4,1714.2,"Delivered","2023-01-31 00:02:20.76017",300592
9121,6093,10,4588.7,"Delivered","2023-07-24 11:50:40.607379",300835
9832,6152,6,1837.14,"Delivered","2023-11-25 09:03:05.491973",300835
9794,1981,2,103.16,"Delivered","2023-03-14 10:51:27.443751",300835
4240,2718,6,139.86,"Delivered","2023-10-14 02:08:05.007803",302080
4702,9879,1,407.78,"Delivered","2023-11-03 11:39:32.123981",302080
6678,5729,9,4266.45,"Delivered","2023-05-11 04:02:13.523302",302854
6618,2944,2,862.84,"Delivered","2023-08-12 12:36:42.827239",303032
2608,6154,6,2253.24,"Delivered","2023-10-19 05:26:15.237536",303162
9805,5995,9,1636.11,"Delivered","2023-01-06 17:14:22.049572",303162
6473,4167,9,750.06,"Delivered","2023-03-31 21:08:35.713196",303162
8274,8960,5,1706.5,"Delivered","2023-08-07 18:55:59.001334",304636
1307,7136,9,237.96,"Delivered","2023-09-03 08:44:16.224471",304636
9396,8244,9,979.83,"Delivered","2023-03-19 11:38:16.526563",305875
6899,2822,5,2199.85,"Delivered","2023-06-29 00:12:45.75332",305875
2392,8007,3,925.89,"Delivered","2023-06-24 00:52:10.758074",305934
1273,2128,10,2333.5,"Delivered","2023-09-21 06:08:04.972425",305934
3357,8735,10,2848.7,"Delivered","2023-03-30 20:33:05.375927",306067
7726,1276,10,4361.4,"Delivered","2023-07-08 07:22:15.463715",306067
5529,9750,3,665.19,"Delivered","2023-11-04 03:35:52.481545",306414
5545,9712,10,3567.6,"Delivered","2023-02-16 02:09:15.128405",306414
8698,9090,2,150.52,"Delivered","2023-11-30 22:53:56.786896",307428
5418,3563,5,117.4,"Shipped","2023-12-17 05:40:35.003664",307428
8617,4497,8,2902.32,"Delivered","2023-07-15 01:11:38.167875",307544
7656,1082,8,452.48,"Delivered","2023-05-31 00:57:15.212709",307544
6281,4901,8,1238.08,"Delivered","2023-12-07 00:06:05.207957",309920
4238,2902,3,95.76,"Delivered","2023-08-11 10:49:02.183746",309920
1555,5565,1,419.04,"Delivered","2023-02-17 07:11:54.142361",310474
8763,5905,7,315.42,"Delivered","2023-09-05 21:20:52.278703",310474
1149,3028,10,1580.3,"Delivered","2023-07-10 13:10:55.658028",311175
8818,4514,8,1130.24,"Delivered","2023-06-25 22:42:11.919345",312970
8965,5050,7,1494.36,"Delivered","2023-07-06 17:26:40.187834",312970
6165,2492,8,3138.64,"Delivered","2023-03-18 06:12:54.703985",313671
5863,3441,4,1070.56,"Delivered","2023-06-30 05:53:48.453796",313671
1545,5410,8,1826.96,"Delivered","2023-07-01 23:29:48.792323",314747
8077,5494,10,1178.3,"Delivered","2023-12-08 12:19:38.769104",314747
8336,1644,9,493.92,"Delivered","2023-07-20 08:04:19.398526",314950
5285,6036,6,527.46,"Delivered","2023-06-09 12:23:37.446828",314950
8874,9115,2,648.44,"Delivered","2023-02-14 01:35:09.24789",314979
6062,2995,1,491.83,"Delivered","2023-09-09 20:52:56.139575",314979
2759,7097,4,998.36,"Delivered","2023-06-26 16:35:59.408753",314979
8559,2648,5,1365,"Delivered","2023-05-28 08:20:54.194297",315980
8175,6483,5,2343.3,"Delivered","2023-08-08 18:22:49.942318",315980
8940,6860,10,2694.4,"Delivered","2023-11-20 05:37:53.983414",318929
9721,7178,2,762.8,"Delivered","2023-03-25 18:54:49.16329",318929
9255,1464,9,4143.69,"Delivered","2023-01-28 01:58:01.665552",318929
2063,9840,6,415.62,"Delivered","2023-02-17 21:19:07.033609",319621
2278,5258,8,1974.56,"Delivered","2023-10-16 14:26:47.563493",320556
6215,3067,1,222.17,"Delivered","2023-05-26 10:49:04.008762",320556
3913,9884,9,562.23,"Delivered","2023-11-05 14:53:44.509862",320556
8757,7106,6,2305.5,"Delivered","2023-09-24 00:33:13.664342",321942
5087,3326,1,354.17,"Delivered","2023-01-10 17:42:37.41004",321942
9554,5569,10,3396.5,"Delivered","2023-06-17 05:16:40.340474",321942
1804,7660,6,2206.86,"Delivered","2023-02-14 13:20:58.852825",323561
6495,5280,9,3193.56,"Delivered","2023-04-24 03:46:47.377852",323561
9151,9623,9,1792.71,"Delivered","2023-05-29 19:21:26.474884",323561
1146,5821,5,1177.05,"Delivered","2023-04-03 09:23:52.049645",323856
6418,1362,5,145.1,"Delivered","2023-03-09 19:15:23.268968",323856
2754,2766,2,819.5,"Delivered","2023-02-08 22:55:04.682605",323856
7321,8922,6,1831.8,"Delivered","2023-10-19 16:44:32.366461",324808
6909,7214,5,1683.9,"Delivered","2023-11-23 05:43:46.354185",324808
3915,5631,10,1381,"Delivered","2023-05-13 09:09:27.24299",324808
2132,1115,5,2486.1,"Delivered","2023-04-10 08:10:07.1657",327056
3621,6705,10,601.4,"Delivered","2023-08-13 18:17:27.164185",327186
5223,6803,6,435.42,"Delivered","2023-06-23 08:24:46.65226",329699
3823,6814,1,37.57,"Delivered","2023-07-05 04:49:27.727362",330482
2531,5239,8,2864.72,"Delivered","2023-02-28 14:52:34.966043",330785
1896,8672,1,222.46,"Delivered","2023-05-15 05:22:56.362011",330785
2652,4491,4,483.56,"Delivered","2023-04-12 16:32:37.352516",331506
3708,6083,2,809.28,"Delivered","2023-02-15 08:00:40.10907",333193
2313,5499,2,681.12,"Delivered","2023-03-20 09:34:23.596572",333193
9984,7479,4,156.8,"Delivered","2023-05-03 10:00:05.924437",333746
4965,8532,7,2216.2,"Delivered","2023-07-01 10:18:32.577738",333746
3839,4816,6,1282.5,"Delivered","2023-02-23 05:58:13.893193",333746
2871,1760,5,426.4,"Delivered","2023-06-14 13:30:25.919956",334325
5363,9960,10,713.4,"Delivered","2023-11-12 23:33:49.674742",334325
7009,7030,3,140.73,"Delivered","2023-01-21 21:02:21.101226",334325
8397,2934,1,400.51,"Delivered","2023-07-26 10:15:18.992306",334620
5445,3831,10,391.3,"Delivered","2023-08-27 05:51:13.510561",334620
4136,5712,1,192.24,"Delivered","2023-02-24 01:40:14.868803",334894
7866,4645,7,1708.49,"Delivered","2023-06-29 05:41:21.18732",334894
7917,2081,8,3956.08,"Delivered","2023-09-04 10:14:55.842643",334894
5668,4895,4,688.64,"Delivered","2023-07-26 15:06:15.20235",335143
6846,1943,6,2379.96,"Delivered","2023-09-25 02:05:32.454537",335162
4754,6111,6,2553.96,"Delivered","2023-12-03 18:12:04.105226",335762
2246,7776,9,1059.3,"Delivered","2023-09-12 20:11:22.18203",335762
5176,3994,1,480.16,"Delivered","2023-10-10 12:19:39.043293",335974
8491,1670,3,930.93,"Delivered","2023-06-24 18:53:38.199965",335974
9546,9748,5,242.4,"Delivered","2023-11-30 22:55:10.412688",337411
2435,9631,3,62.82,"Delivered","2023-09-23 09:07:57.664398",338253
2203,3384,9,2199.42,"Delivered","2023-09-14 18:01:16.558828",338253
9360,6498,6,2778.9,"Delivered","2023-05-30 13:50:37.740943",338253
8308,3882,5,1941.45,"Delivered","2023-07-10 12:45:25.397931",339519
3400,2078,1,414.36,"Delivered","2023-05-20 08:14:39.854746",340352
2947,3266,7,2064.44,"Delivered","2023-03-26 19:34:29.461665",340352
8082,8263,7,655.76,"Delivered","2023-05-30 01:04:14.499029",340352
8482,1957,4,358.76,"Delivered","2023-08-17 22:11:10.311056",341738
3155,7089,10,1966.2,"Delivered","2023-05-24 21:01:08.410653",341738
8375,7550,4,432.32,"Delivered","2023-06-15 20:11:41.477239",341738
3977,2074,3,1352.28,"Delivered","2023-08-23 02:28:37.312445",343082
3425,4046,3,595.44,"Delivered","2023-10-25 09:56:19.233089",343082
3987,4504,8,1337.12,"Delivered","2023-08-09 02:30:46.791525",343082
7524,8114,7,2523.78,"Delivered","2023-06-02 08:21:17.153979",344209
1857,8212,6,1568.46,"Delivered","2023-09-05 11:59:50.013412",344209
4222,8296,10,3060.2,"Delivered","2023-06-13 11:00:13.17025",344604
3147,3338,8,3965.6,"Delivered","2023-07-04 05:51:08.213506",344635
3265,1613,3,607.86,"Delivered","2023-08-09 18:14:59.889989",347449
7630,2649,3,499.95,"Delivered","2023-08-17 10:25:20.469551",347449
6540,4995,10,3330.1,"Delivered","2023-04-28 05:36:07.399925",347449
3986,2501,10,3127.2,"Delivered","2023-08-14 10:13:47.655566",349093
6466,2234,7,3116.82,"Delivered","2023-11-18 13:12:26.330519",349093
4408,8402,4,1834.88,"Delivered","2023-03-12 10:46:31.308322",349093
4497,5431,2,542.86,"Delivered","2023-11-11 10:43:09.47542",349227
1547,2928,2,405.5,"Delivered","2023-10-14 19:22:54.712828",350648
5120,5238,6,1725.36,"Delivered","2023-03-14 10:12:24.8845",350648
2559,6346,4,1293.92,"Delivered","2023-02-09 19:56:57.853908",350648
8323,3122,5,264.5,"Delivered","2023-06-14 09:31:20.807541",351842
5008,7415,7,2623.46,"Delivered","2023-07-27 09:46:02.153314",352368
7432,5452,3,211.56,"Delivered","2023-09-08 12:03:16.195798",352368
9833,1322,7,3290.63,"Delivered","2023-05-13 15:13:41.003513",352368
3626,1684,5,997.95,"Delivered","2023-10-14 13:05:17.274186",352772
9814,4443,6,1039.62,"Delivered","2023-06-01 12:44:12.784766",352772
2327,5636,3,194.07,"Delivered","2023-09-19 14:21:07.695008",352987
6394,4637,6,1355.64,"Delivered","2023-08-04 21:20:40.093052",353952
7575,4744,3,161.37,"Delivered","2023-02-21 23:21:37.966942",354201
5267,5871,8,3654.24,"Delivered","2023-08-23 09:37:24.031763",355276
2068,3727,2,608.12,"Delivered","2023-05-03 04:09:59.28183",355276
2994,5245,7,510.09,"Delivered","2023-08-04 22:57:39.36698",357149
7867,6776,6,1203.36,"Processing","2023-12-14 17:46:35.068458",357149
8338,7864,3,185.88,"Delivered","2023-05-17 00:36:42.607445",357565
9572,3602,4,909.32,"Delivered","2023-07-20 10:08:25.177412",357565
6206,9922,5,507.55,"Delivered","2023-08-28 11:44:08.70856",358326
1011,8803,7,887.18,"Delivered","2023-02-23 03:06:16.988782",358326
8416,4494,7,2685.41,"Delivered","2023-07-21 05:28:41.306026",358731
9227,8594,1,166.59,"Delivered","2023-07-10 22:38:04.579588",358731
2451,4249,5,1770.55,"Delivered","2023-02-07 21:00:58.439715",358860
7523,3878,6,2780.1,"Delivered","2023-06-01 15:32:43.524574",358860
5044,3777,10,538.8,"Delivered","2023-04-17 13:43:50.409497",358860
2651,6556,6,1677.6,"Delivered","2023-03-27 04:36:05.967679",359098
7976,1027,9,123.03,"Shipped","2023-12-15 07:14:27.119725",359098
6718,4437,2,845.38,"Delivered","2023-09-21 18:54:22.241931",361734
3809,5687,6,836.28,"Delivered","2023-07-25 07:11:02.23011",362370
4611,4513,10,975.5,"Delivered","2023-08-22 10:46:16.575713",362370
8294,1858,8,1896.48,"Delivered","2023-08-28 04:41:22.12734",363012
3360,2933,7,2138.99,"Delivered","2023-11-11 16:04:53.576306",363012
5544,9689,1,88.04,"Delivered","2023-11-12 11:32:31.913425",363012
3082,3216,10,304.7,"Delivered","2023-10-28 00:24:17.826653",365245
3849,4821,9,1123.2,"Delivered","2023-05-14 06:48:02.880641",365819
8648,3625,7,3304.49,"Delivered","2023-03-08 21:17:38.938332",365819
2770,9329,2,824.34,"Delivered","2023-12-06 11:49:48.706876",367222
6517,3380,2,908.62,"Delivered","2023-08-17 09:49:46.695729",367222
3578,2223,4,909.12,"Delivered","2023-03-28 16:27:13.820415",369337
2571,2834,9,441,"Delivered","2023-02-17 16:22:00.816198",369337
5704,9405,4,1458.36,"Delivered","2023-07-17 00:21:58.884578",371201
4450,3566,3,1046.28,"Delivered","2023-07-22 01:46:13.145476",371201
9642,5601,2,240.42,"Delivered","2023-06-02 07:11:17.544893",371201
4826,4559,1,252.82,"Delivered","2023-05-06 21:35:15.307215",371341
5298,3366,8,586.56,"Delivered","2023-06-02 17:21:25.393283",371341
7038,1051,9,600.03,"Delivered","2023-03-16 12:27:03.650739",371341
5565,8123,3,71.25,"Delivered","2023-06-19 18:32:19.954837",371874
1935,2379,10,3121.3,"Delivered","2023-08-26 03:46:06.096041",371874
9716,2526,8,3692.08,"Delivered","2023-08-11 19:54:08.360923",371874
5360,6415,2,875.1,"Delivered","2023-08-14 15:52:28.208794",372592
9420,6941,2,552.46,"Delivered","2023-10-20 13:12:53.023595",372704
4607,8252,10,2911.9,"Delivered","2023-06-12 12:11:15.003862",372704
5340,2943,3,277.38,"Delivered","2023-04-13 17:05:09.954357",372704
2751,2441,10,3377.3,"Delivered","2023-03-04 02:28:41.147588",372947
4453,5213,1,97.58,"Delivered","2023-05-07 01:17:47.945512",373039
1597,3051,5,1426,"Delivered","2023-04-20 04:17:52.169186",373039
3070,7904,1,200.35,"Delivered","2023-06-15 14:06:18.990756",373086
2966,3062,2,930.46,"Delivered","2023-10-01 17:55:06.826977",373086
9509,9904,1,367.52,"Delivered","2023-05-03 03:13:50.278981",373086
2703,5739,2,273.98,"Delivered","2023-02-08 02:06:28.117764",373352
5053,8199,5,1667.65,"Delivered","2023-06-25 12:33:20.929722",373352
4014,5951,1,279.97,"Delivered","2023-08-16 06:04:21.962409",373396
3127,6192,8,1392.72,"Delivered","2023-05-29 23:31:53.867363",373396
3797,7335,6,2798.4,"Delivered","2023-03-21 13:13:16.325742",373396
3179,3865,10,148.5,"Delivered","2023-06-30 09:12:11.600699",376436
2811,4108,3,946.53,"Delivered","2023-06-10 08:54:30.502652",376436
4236,3322,8,2811.6,"Delivered","2023-05-03 20:57:53.366127",377562
3554,6839,1,339.43,"Delivered","2023-05-01 11:36:51.256617",377562
6470,4521,4,931.2,"Delivered","2023-10-09 07:53:27.633685",378112
5356,9006,4,346.56,"Delivered","2023-09-16 08:09:32.467397",378112
6032,6755,8,688.4,"Delivered","2023-09-06 18:33:16.966517",379860
7870,7921,10,1016.1,"Delivered","2023-04-03 08:23:54.119895",380053
8692,3833,9,295.38,"Delivered","2023-08-10 04:06:23.619189",380092
7377,4330,4,1036.84,"Delivered","2023-05-30 11:27:59.50239",380149
2775,3154,2,772.02,"Delivered","2023-06-13 14:10:22.629024",381519
1909,1549,5,1344.55,"Delivered","2023-09-01 14:38:19.781303",382472
8732,2143,5,2169,"Delivered","2023-03-10 22:02:00.028344",382746
5663,9237,1,265.86,"Delivered","2023-11-26 12:59:25.500636",383428
4293,5908,5,2220.8,"Delivered","2023-08-05 07:22:11.302844",383428
9756,9958,4,896.08,"Delivered","2023-04-17 13:21:42.742186",383428
4876,1932,6,1363.2,"Processing","2023-12-24 08:17:33.464225",383743
5680,8023,6,2981.52,"Delivered","2023-09-21 03:03:17.411281",383743
5724,2515,6,73.26,"Delivered","2023-02-14 05:58:45.711809",383743
4550,7847,8,2374.88,"Delivered","2023-09-30 16:38:18.683274",384432
8341,8289,5,649.7,"Delivered","2023-05-16 06:43:14.208057",384432
8498,8364,2,939.74,"Delivered","2023-11-20 23:27:47.197971",385205
3612,9672,6,358.68,"Delivered","2023-09-05 03:51:56.986634",385205
7493,8899,2,70.4,"Delivered","2023-11-22 21:49:23.459444",385205
3930,3558,8,3735.68,"Delivered","2023-05-22 13:23:22.26291",387353
3627,5722,7,3037.65,"Delivered","2023-08-04 15:31:40.580518",387353
8215,8691,8,1340.16,"Delivered","2023-08-13 16:23:01.875694",387353
2694,9499,6,643.44,"Delivered","2023-04-20 07:11:48.283491",387397
2463,8385,10,3802.7,"Delivered","2023-08-29 15:06:39.11415",387667
3619,6533,9,2358.99,"Delivered","2023-09-01 21:18:41.921334",388487
7267,2273,8,2330.88,"Delivered","2023-08-07 00:16:08.455178",388547
7347,4743,3,941.07,"Delivered","2023-04-14 05:52:12.199721",388547
7284,4405,4,626.48,"Delivered","2023-01-29 06:30:40.898041",390418
1690,7476,5,2221.75,"Delivered","2023-09-02 09:41:10.233996",390418
6667,9482,9,746.73,"Delivered","2023-10-07 03:05:49.78901",390418
1781,9724,7,707.28,"Delivered","2023-08-17 16:42:13.276892",390909
3693,9216,8,1901.68,"Delivered","2023-08-19 11:42:00.393585",392122
4323,5861,2,976.44,"Delivered","2023-11-09 09:50:52.697986",392122
7225,3238,5,2391.7,"Delivered","2023-02-08 16:00:40.711856",392632
5156,1757,1,223.37,"Delivered","2023-07-30 21:18:16.535191",392632
5526,8140,8,3257.04,"Delivered","2023-02-02 11:24:49.422472",392632
9154,7016,3,772.77,"Delivered","2023-02-22 08:04:41.253366",393756
2129,2923,3,478.32,"Delivered","2023-04-12 03:50:46.655573",393756
5263,6515,1,448.03,"Delivered","2023-07-24 01:55:16.592056",395264
3862,8229,4,1167.2,"Delivered","2023-04-20 09:29:22.717456",395264
9072,9939,6,2626.44,"Delivered","2023-11-27 10:55:08.201717",395264
2767,2729,10,2848.1,"Delivered","2023-05-27 08:35:41.682261",396712
5973,8003,6,2452.56,"Delivered","2023-08-05 05:17:47.058599",397374
6118,7635,5,119.6,"Delivered","2023-11-19 15:37:58.471488",397374
3114,9500,4,211.92,"Delivered","2023-09-23 00:17:05.424452",397374
6887,1031,7,2621.92,"Delivered","2023-06-26 11:22:40.488832",397493
1926,2967,6,2925.96,"Delivered","2023-09-13 13:01:36.503668",397493
8186,6122,5,511.4,"Delivered","2023-07-22 01:35:55.488597",397493
4067,8339,8,438.96,"Delivered","2023-05-09 23:10:17.526497",398756
5036,4235,3,1286.4,"Delivered","2023-10-24 17:37:43.465507",398756
8902,5315,7,1068.69,"Delivered","2023-09-19 05:05:35.691333",398756
7142,7503,5,301.1,"Delivered","2023-03-08 04:01:11.579562",400499
2046,3113,2,139.86,"Delivered","2023-07-26 05:03:24.975647",400499
7440,2971,4,1622.2,"Delivered","2023-09-27 04:20:33.762315",400507
8178,4120,9,3083.31,"Processing","2023-12-14 12:54:43.339544",400507
2561,7874,8,1420,"Delivered","2023-07-03 21:02:18.356803",401578
9417,6106,8,3315.36,"Delivered","2023-04-01 14:08:44.312478",401578
5375,2261,5,1862.4,"Delivered","2023-02-20 15:37:29.133848",402092
4705,8657,8,3894.32,"Delivered","2023-01-22 19:32:35.66538",402092
8423,8264,9,1671.03,"Delivered","2023-11-21 19:43:36.848114",402092
5537,7637,4,948.76,"Delivered","2023-10-19 17:21:22.819046",402733
8163,3736,6,1964.04,"Delivered","2023-05-01 20:08:55.252994",402733
1280,9097,2,527.88,"Delivered","2023-03-22 02:06:02.664431",402733
2824,8793,1,485.46,"Delivered","2023-08-07 12:22:33.300042",402904
2839,9298,2,944.86,"Delivered","2023-05-09 06:32:22.475724",402904
7047,5857,5,1532.1,"Delivered","2023-04-11 08:37:54.409001",402904
9681,3405,6,2165.82,"Delivered","2023-11-20 07:13:44.906033",405419
5592,9691,8,2130.24,"Delivered","2023-04-11 02:05:20.453274",405657
7985,1834,5,247.95,"Delivered","2023-07-12 04:43:33.181025",405657
3543,1200,2,669.92,"Delivered","2023-05-07 07:10:39.212693",406464
4281,4275,2,698.72,"Delivered","2023-05-21 14:37:43.03626",407111
5212,5281,1,31.58,"Delivered","2023-10-04 11:57:29.991198",407111
9531,3790,9,3950.64,"Delivered","2023-08-14 16:05:16.045426",409271
1508,5291,3,166.95,"Delivered","2023-01-22 08:17:59.666617",409271
1637,3985,2,94.3,"Delivered","2023-01-26 08:40:44.498402",409626
3951,7198,5,1612.05,"Delivered","2023-10-10 18:17:18.796498",409687
9665,5677,9,943.2,"Delivered","2023-10-14 15:59:09.745099",409687
2521,9241,4,1439.8,"Delivered","2023-06-08 16:18:45.661594",410009
3496,6725,9,3305.07,"Delivered","2023-03-21 13:35:58.067018",410009
3867,4186,6,2880.54,"Delivered","2023-02-06 11:57:57.325228",410418
3598,5223,8,1767.04,"Delivered","2023-06-11 02:23:17.775131",415235
1876,2578,9,3869.1,"Delivered","2023-05-26 06:14:20.711767",415235
8111,6337,10,1162.1,"Delivered","2023-07-23 12:39:49.032063",415382
8363,3466,3,873.51,"Delivered","2023-02-13 14:23:28.560187",415382
2814,5309,10,3264,"Delivered","2023-10-26 01:05:26.244848",415382
3638,4450,6,781.8,"Delivered","2023-02-26 12:17:51.478034",415604
8844,9364,1,479.4,"Delivered","2023-08-30 18:31:08.80475",416737
7379,3921,9,2543.76,"Delivered","2023-02-16 06:32:55.343902",416737
8627,4981,3,1001.28,"Delivered","2023-03-11 14:17:43.487063",416737
2977,4984,7,418.18,"Delivered","2023-11-30 02:08:04.248041",418633
6768,7575,9,3517.38,"Delivered","2023-10-22 16:00:39.875127",419949
8835,5574,6,907.86,"Delivered","2023-06-15 02:53:16.025647",419949
5718,4707,4,1951.8,"Delivered","2023-10-18 20:50:21.579279",420800
4796,1445,10,1767.4,"Delivered","2023-08-04 11:51:21.310961",421426
7139,7849,4,195.32,"Delivered","2023-11-07 11:56:02.292861",421426
2986,2983,9,2615.49,"Delivered","2023-07-25 12:23:58.139453",422588
9799,9095,10,1848.3,"Delivered","2023-08-01 19:19:17.303908",422588
5093,8460,1,285.43,"Delivered","2023-07-13 23:18:39.737412",422588
6530,7345,8,2212.16,"Delivered","2023-01-22 06:46:12.670336",423243
7341,7545,8,1276.64,"Delivered","2023-03-11 07:49:55.263161",423243
1635,4689,3,586.65,"Delivered","2023-07-12 17:54:55.423177",425232
2095,1114,1,435.7,"Delivered","2023-05-27 20:47:10.421555",426342
4572,7943,7,399.63,"Delivered","2023-03-06 07:29:55.384093",426342
2384,8683,8,1214.48,"Delivered","2023-01-15 19:46:46.136043",428984
5996,5025,3,1496.4,"Delivered","2023-03-23 15:48:50.973239",428984
8579,6908,4,966.28,"Processing","2023-12-26 05:10:54.137282",428984
8049,1759,5,617.7,"Delivered","2023-11-14 13:05:29.1601",429006
9167,4736,10,299.6,"Delivered","2023-07-12 11:10:24.538006",429006
2491,5263,9,2870.73,"Processing","2023-12-11 00:42:58.041257",429006
2369,1574,2,349.8,"Delivered","2023-04-03 09:07:09.63907",429014
3076,6386,6,2077.98,"Delivered","2023-08-24 11:27:02.968237",429014
9942,9701,3,593.94,"Delivered","2023-04-14 14:10:11.489515",431212
1420,9041,3,284.49,"Delivered","2023-03-31 07:03:53.749634",431903
8863,6621,6,1173.78,"Delivered","2023-10-24 01:44:24.358136",431903
6194,7358,7,1075.69,"Delivered","2023-08-09 18:59:10.097703",431903
3808,8646,4,572.36,"Delivered","2023-06-15 05:45:01.287836",432216
2048,4399,6,2909.94,"Delivered","2023-08-02 05:24:41.213504",432216
2350,2897,6,1762.26,"Delivered","2023-07-02 17:03:14.547419",432216
2577,4329,6,1645.02,"Delivered","2023-02-18 02:28:49.884334",435092
8168,1632,1,354.33,"Delivered","2023-02-01 14:43:19.302109",435092
9498,6239,2,233.88,"Delivered","2023-07-18 14:46:12.286445",435092
5805,4451,2,349.84,"Delivered","2023-07-09 03:36:08.013547",436046
3008,4135,7,2166.99,"Delivered","2023-05-11 14:16:44.394807",436554
1468,7180,1,381.86,"Delivered","2023-05-28 15:00:41.018687",436554
1480,6524,5,2201.4,"Processing","2023-12-20 16:10:30.283231",436561
1014,2770,4,1542.72,"Delivered","2023-11-21 11:09:58.671359",436561
5125,3396,7,2753.73,"Processing","2023-12-18 16:55:03.536403",436561
2090,7370,10,2639.2,"Delivered","2023-03-16 19:56:03.020048",437160
5669,1094,10,3520.3,"Delivered","2023-11-06 13:09:21.298652",439198
1559,1281,2,97,"Delivered","2023-06-19 08:27:30.545798",439198
8790,8468,10,3556.9,"Delivered","2023-03-30 03:06:51.290105",440117
8401,3247,1,99.51,"Delivered","2023-03-30 19:08:28.227727",440117
4680,6063,8,652.08,"Delivered","2023-08-17 06:47:36.786315",441542
6535,4076,8,1632.88,"Delivered","2023-11-20 21:22:28.327348",441619
6936,3592,5,481.65,"Delivered","2023-07-11 08:17:17.293482",443231
6881,7553,7,2193.17,"Delivered","2023-01-19 09:24:08.284078",443231
7930,4441,9,1868.76,"Delivered","2023-05-25 10:15:10.263044",446821
1953,9453,1,193.27,"Delivered","2023-04-23 01:18:59.193445",446821
5869,5004,10,1423.3,"Delivered","2023-11-12 19:59:53.115239",447177
4575,5843,6,1277.76,"Delivered","2023-08-25 03:08:59.183436",448553
4548,7643,1,307.46,"Delivered","2023-10-19 16:14:03.725444",448553
9474,5529,6,181.92,"Delivered","2023-07-24 01:53:00.908945",449985
3231,6922,9,3638.07,"Delivered","2023-05-15 03:09:42.911383",450057
9683,1270,1,214.41,"Delivered","2023-05-29 11:30:44.24336",450057
4404,2390,6,2302.62,"Delivered","2023-08-14 20:38:57.778522",451616
5446,7006,6,898.98,"Delivered","2023-08-19 17:18:18.917086",451616
7619,3207,5,593.9,"Delivered","2023-05-08 19:00:07.546637",451770
1286,1393,7,176.05,"Delivered","2023-02-12 18:34:32.062871",451770
4755,3650,9,2279.79,"Delivered","2023-09-09 07:53:22.570586",452856
7365,6081,5,728.95,"Delivered","2023-12-04 08:44:14.693641",452856
4934,8991,4,1435.52,"Delivered","2023-09-29 01:44:43.155419",452856
8871,9944,6,82.38,"Delivered","2023-08-21 13:34:44.668583",454606
9086,8190,3,1437,"Delivered","2023-05-07 18:17:54.781899",455119
2648,9018,3,686.55,"Delivered","2023-10-16 10:20:12.164243",455904
8148,6622,2,584.1,"Delivered","2023-11-01 14:00:24.869482",456259
2122,4209,6,281.94,"Delivered","2023-08-23 17:11:05.372908",456438
2080,5979,6,1190.1,"Delivered","2023-02-06 16:05:39.26594",456438
7634,5747,1,305.7,"Delivered","2023-03-18 18:28:03.008453",456576
8360,6040,4,1843.72,"Shipped","2023-12-13 19:29:46.745757",459085
8161,7210,7,2903.18,"Delivered","2023-09-16 02:50:06.561054",459085
1859,5586,4,381.48,"Delivered","2023-02-08 17:13:54.562173",459085
2592,4052,9,3269.52,"Delivered","2023-08-28 00:19:54.269483",459765
9553,5190,10,1850.8,"Delivered","2023-05-05 03:38:55.154021",459765
6736,6454,6,672.12,"Delivered","2023-03-30 17:09:32.531126",459765
6449,4888,10,1724,"Delivered","2023-01-21 22:27:14.370804",460216
1577,9972,3,660.15,"Delivered","2023-02-11 02:23:20.549649",460216
5113,7548,6,1650.84,"Delivered","2023-07-17 19:35:14.12648",460425
1779,1729,10,2826.1,"Delivered","2023-11-13 02:53:55.385804",460425
7258,9422,9,899.82,"Delivered","2023-10-11 05:45:12.648989",463571
4980,5654,7,3108.28,"Delivered","2023-10-31 10:57:17.895884",465069
6434,3180,6,1189.86,"Delivered","2023-03-19 22:41:21.376107",465069
1592,5020,1,291.57,"Delivered","2023-11-10 14:34:18.840063",465479
6571,9392,3,866.91,"Delivered","2023-08-31 08:53:06.683916",465479
1552,1241,2,249.62,"Delivered","2023-05-04 00:34:37.34866",466655
8941,9509,5,1524.65,"Delivered","2023-06-03 14:57:30.044748",466655
9777,8563,1,169.1,"Delivered","2023-04-27 16:33:18.411074",467677
6411,2982,3,1109.19,"Delivered","2023-06-18 05:20:45.840409",469859
8932,5030,9,3821.4,"Delivered","2023-06-26 14:27:56.385006",470314
1990,4928,1,212.23,"Delivered","2023-07-10 15:34:23.498484",470765
3649,2225,9,760.41,"Delivered","2023-10-21 01:44:38.585659",471252
5069,5319,3,481.5,"Delivered","2023-06-18 15:10:44.308394",471252
8343,9668,6,97.68,"Delivered","2023-11-28 17:44:00.184245",471252
9712,9259,4,1563.84,"Delivered","2023-07-17 15:13:46.607425",471633
3342,6652,10,2355.5,"Delivered","2023-07-15 03:16:26.333777",471633
2623,4306,10,2027.6,"Delivered","2023-08-02 17:37:08.725241",474576
3536,4883,6,1461.9,"Delivered","2023-07-25 20:23:29.173621",474576
2970,2774,1,45.09,"Delivered","2023-03-03 02:18:10.600616",474576
2366,4081,5,2066.4,"Delivered","2023-05-16 14:11:31.619276",475247
5192,6771,3,1269.54,"Delivered","2023-06-04 14:35:40.324312",475247
7295,7062,3,240.9,"Delivered","2023-09-09 04:47:46.866432",475247
7483,8841,3,1039.68,"Delivered","2023-08-22 18:59:49.51676",476032
1176,8508,6,2062.08,"Delivered","2023-09-16 11:51:42.687429",476189
2840,5812,4,175,"Delivered","2023-07-10 09:00:59.350915",476189
9970,8426,3,1030.89,"Delivered","2023-09-03 04:42:03.07578",477865
2837,7700,3,1292.01,"Delivered","2023-04-19 23:16:54.264397",478060
9884,6682,2,54.18,"Delivered","2023-10-21 14:17:01.263233",479416
3334,8905,2,885.66,"Delivered","2023-03-29 05:11:44.189596",479701
5289,4248,1,196.99,"Delivered","2023-05-14 06:49:47.830143",479701
5924,3178,10,2965,"Delivered","2023-05-04 09:59:34.386567",479701
4053,7372,1,306.2,"Delivered","2023-08-04 04:00:22.917183",480040
6925,1506,4,485.8,"Delivered","2023-04-10 02:21:45.479474",480040
9287,5343,9,930.15,"Delivered","2023-07-21 15:31:07.538935",480227
3692,5107,5,2330.55,"Delivered","2023-04-08 06:14:16.61197",480227
2929,1566,3,206.13,"Delivered","2023-05-02 14:15:31.074384",480227
2349,3640,3,1056.84,"Delivered","2023-04-16 23:01:14.796107",480971
4970,2769,8,707.36,"Delivered","2023-09-01 10:33:41.799199",480971
7700,8757,2,61.2,"Delivered","2023-08-10 22:39:58.603311",480971
2220,2029,9,3792.15,"Delivered","2023-03-11 05:19:53.241982",481761
3435,8696,9,359.19,"Delivered","2023-03-09 01:40:44.856852",481761
1360,1213,7,1572.41,"Delivered","2023-02-28 01:38:43.732263",484275
6112,8129,8,2822.96,"Delivered","2023-01-19 16:19:53.813588",484275
5155,9004,1,353.66,"Delivered","2023-03-25 16:57:02.885142",484628
1614,6458,3,1198.77,"Delivered","2023-07-28 08:12:09.024987",484628
3515,4787,7,1980.51,"Delivered","2023-07-18 18:30:53.777191",485127
9759,2517,1,354.53,"Delivered","2023-03-25 05:10:03.271294",485696
3498,9538,1,26.94,"Delivered","2023-06-26 01:15:02.999353",485696
2209,8800,7,1110.55,"Delivered","2023-11-27 05:02:26.591453",490850
2895,9191,7,2062.55,"Delivered","2023-04-24 03:01:15.388889",490850
7301,1225,6,489.18,"Delivered","2023-07-29 07:52:34.807578",490850
2242,4425,1,94.55,"Delivered","2023-09-29 00:09:43.159178",491026
6234,2561,1,384.67,"Delivered","2023-07-17 05:10:08.037592",491026
5484,3298,4,1992.76,"Delivered","2023-10-08 01:06:28.623145",491670
6679,3995,9,2505.87,"Delivered","2023-03-28 23:38:34.845675",492588
8107,4356,6,2935.74,"Delivered","2023-10-27 17:35:53.642768",492588
7221,3071,1,178.66,"Delivered","2023-02-07 23:21:27.749094",493988
5163,3885,2,766.7,"Delivered","2023-03-15 06:13:56.313629",493988
9994,6669,7,2805.25,"Delivered","2023-01-03 21:24:20.082927",493988
7585,5380,4,1882.44,"Delivered","2023-12-06 01:05:14.177321",494306
5108,9172,9,1951.38,"Delivered","2023-02-28 12:26:29.830403",494442
6105,8829,3,1179.69,"Delivered","2023-05-27 14:12:18.356902",494442
8972,6120,7,119.28,"Delivered","2023-11-03 08:03:00.210704",495298
7899,6447,6,189.06,"Delivered","2023-03-31 07:40:46.028843",495298
4256,8692,8,1684.64,"Delivered","2023-01-25 11:54:42.392348",495298
4841,3177,2,720.1,"Delivered","2023-09-23 01:30:59.57602",495361
3568,3798,3,138.36,"Delivered","2023-11-10 15:19:33.074828",495361
3671,4956,1,333.36,"Delivered","2023-05-01 12:32:48.582804",495361
8515,2338,1,483.41,"Delivered","2023-10-25 01:56:39.204201",495791
1491,7248,3,251.64,"Delivered","2023-11-09 18:11:06.233964",495791
2681,1958,3,765.3,"Delivered","2023-08-24 21:06:50.896665",495791
9065,9271,8,1122.16,"Delivered","2023-05-26 04:00:17.89138",496641
9254,3508,2,299.66,"Delivered","2023-06-30 11:27:56.035823",497841
4983,1309,8,2817.68,"Delivered","2023-10-15 12:34:48.309091",497841
5844,6220,8,388.32,"Delivered","2023-02-01 21:11:44.428004",497841
1315,1026,2,517.64,"Delivered","2023-03-21 16:05:35.808948",498389
5612,6116,1,443.17,"Delivered","2023-04-14 16:55:01.56856",498389
5310,5079,2,194.06,"Delivered","2023-10-09 22:15:27.090874",498389
2836,2417,6,1417.62,"Delivered","2023-02-19 10:52:48.01841",499270
7919,8890,5,2081.75,"Delivered","2023-04-17 06:50:52.277188",499270
8346,5149,2,104.3,"Delivered","2023-09-04 06:18:23.065069",501252
8463,8741,9,431.64,"Delivered","2023-05-06 15:57:28.464136",501252
6247,4626,5,1800.7,"Delivered","2023-06-04 06:52:10.684407",501599
7343,5120,1,97.49,"Delivered","2023-10-12 06:49:56.870246",502233
1753,5736,6,1604.64,"Delivered","2023-03-16 11:25:25.733842",503129
8280,7918,7,122.29,"Delivered","2023-04-10 05:59:25.113688",503129
8299,2969,8,454.08,"Delivered","2023-01-22 11:49:13.258105",503764
7834,9570,5,502.45,"Delivered","2023-07-17 23:46:40.394279",503764
1750,6677,1,263.7,"Delivered","2023-05-11 15:53:08.756593",503764
1854,6547,5,1122.75,"Delivered","2023-09-20 13:59:41.664003",504004
5403,5036,4,437.68,"Delivered","2023-11-24 16:11:28.760644",504004
2268,2604,6,2861.58,"Delivered","2023-06-03 01:37:48.846622",504004
4077,6566,5,617.75,"Delivered","2023-10-18 17:06:33.240166",505139
9735,4848,1,203.77,"Delivered","2023-05-06 08:48:50.894074",505139
1792,7434,8,2255.44,"Delivered","2023-02-22 17:26:39.260581",505139
8969,3336,6,1269.72,"Delivered","2023-08-16 20:19:06.783292",505388
9289,3871,2,678.04,"Delivered","2023-02-19 22:57:12.620354",506327
9496,9198,8,377.76,"Delivered","2023-03-26 15:34:37.768533",506910
2789,8115,7,984.69,"Delivered","2023-11-08 20:57:29.561347",507227
4265,9984,9,1453.14,"Delivered","2023-10-01 08:36:30.332571",507227
7746,2412,6,2196.6,"Delivered","2023-11-23 14:08:26.258543",507227
9669,3802,2,259.78,"Delivered","2023-04-17 11:39:53.263234",509184
1201,4357,6,2186.58,"Delivered","2023-09-22 17:16:22.715665",509184
7696,2056,7,725.41,"Delivered","2023-03-05 02:37:01.848996",510247
6391,5401,1,132.41,"Delivered","2023-05-18 21:18:08.091181",510247
7156,1457,2,689.18,"Delivered","2023-08-24 10:25:42.574359",510247
1221,5383,5,1457,"Delivered","2023-07-30 03:27:11.432833",512660
4757,3918,10,2040.9,"Delivered","2023-07-14 05:05:14.936386",512968
2241,6633,9,1975.77,"Delivered","2023-08-20 23:42:25.025919",513767
2024,1251,2,168.18,"Delivered","2023-05-07 06:52:43.305594",514823
4005,1004,4,1274.84,"Delivered","2023-07-09 09:30:45.717528",514823
2930,8246,8,2657.6,"Delivered","2023-07-29 03:04:20.540329",514823
5841,6359,1,34.92,"Delivered","2023-09-18 21:10:27.582434",515775
5885,8047,4,189.76,"Delivered","2023-05-21 19:36:35.328775",515775
2156,2869,9,3096,"Delivered","2023-10-24 21:20:17.380039",515775
4771,1509,3,874.17,"Delivered","2023-04-16 15:30:03.672011",516579
5057,5594,9,3163.14,"Delivered","2023-01-26 16:28:37.176551",516579
4030,4320,8,3868.88,"Delivered","2023-06-14 03:59:53.30479",516579
7515,6569,3,429.24,"Delivered","2023-06-02 17:59:01.982934",517545
5079,2909,10,1711.2,"Delivered","2023-09-28 22:41:18.456549",517545
2471,9677,3,751.77,"Delivered","2023-03-28 15:50:40.396625",517545
9621,8600,2,562.68,"Delivered","2023-10-23 22:42:49.771363",518409
4480,8074,1,111.87,"Processing","2023-12-10 01:18:28.487396",518409
2581,5409,8,2480.88,"Delivered","2023-11-12 10:38:27.19568",518409
4563,7287,10,851,"Delivered","2023-08-20 19:37:58.088415",518949
9098,5299,2,935.4,"Delivered","2023-05-29 23:16:16.20011",518949
4128,2268,5,329.95,"Delivered","2023-06-13 17:56:54.095436",519605
1238,7299,6,1657.68,"Delivered","2023-06-28 04:31:59.91675",519605
2424,5218,9,1478.79,"Delivered","2023-07-08 14:08:53.03128",519605
3499,7826,6,150.72,"Delivered","2023-09-09 02:05:53.038573",520668
3038,1723,1,415.88,"Delivered","2023-06-26 13:21:26.31371",520668
3233,7813,5,455.55,"Delivered","2023-02-16 06:47:41.436823",521987
4216,3880,1,136.58,"Delivered","2023-08-01 20:14:04.457593",522712
1309,8300,4,1406.92,"Delivered","2023-01-20 13:48:21.262665",522712
8519,1815,4,232.52,"Processing","2023-12-14 04:00:46.190523",524877
6817,7886,10,256.9,"Delivered","2023-02-13 14:14:56.918745",524877
1787,7747,9,398.25,"Delivered","2023-03-25 00:37:26.323764",524877
1913,8923,10,3508.4,"Delivered","2023-10-14 18:15:07.367157",525677
7506,8277,2,822.44,"Delivered","2023-04-09 23:50:20.275685",526046
6304,7146,3,861.66,"Delivered","2023-04-03 07:10:08.901009",526615
1629,4843,2,66.86,"Delivered","2023-02-20 07:20:33.731255",526615
1488,6988,4,676.32,"Delivered","2023-07-14 23:42:07.09204",526615
3487,9230,4,1175.64,"Delivered","2023-09-30 08:27:28.467194",527658
3083,1523,10,1712.8,"Delivered","2023-05-09 11:53:54.991036",527658
9372,9987,3,653.58,"Delivered","2023-06-28 04:04:05.30459",527658
6877,1778,4,1524.6,"Delivered","2023-05-26 17:34:38.886947",527697
6264,8099,3,784.92,"Delivered","2023-06-07 21:48:51.629603",527697
6345,2111,5,477.15,"Delivered","2023-05-22 22:50:25.159921",528225
7628,9787,10,505.3,"Delivered","2023-02-21 22:24:25.008777",528225
2877,6741,6,2634.24,"Delivered","2023-08-24 06:17:35.422157",528293
7240,5021,1,72.33,"Delivered","2023-04-15 10:57:54.075329",528293
9772,6473,4,1886.84,"Delivered","2023-02-02 20:09:25.718128",528826
6831,5116,10,752,"Delivered","2023-05-28 22:18:33.477713",528826
9432,8533,10,2009.8,"Delivered","2023-01-27 05:42:58.51924",531658
6149,4447,2,234.8,"Delivered","2023-09-07 04:22:14.654465",531658
6148,7275,2,68.8,"Processing","2023-12-19 11:02:05.498991",531658
1439,8125,4,969.96,"Delivered","2023-10-05 00:26:49.203181",532161
6639,2663,6,2217.36,"Processing","2023-12-10 07:50:05.572861",532161
1540,4283,6,666.54,"Delivered","2023-02-13 09:17:20.466938",532834
3844,4506,2,58.34,"Delivered","2023-10-13 22:34:37.831726",532834
5335,2812,4,940.56,"Delivered","2023-09-25 16:48:23.181303",533200
2576,2275,7,2679.39,"Delivered","2023-10-04 09:39:02.320307",533200
3444,7154,10,855.4,"Delivered","2023-06-06 16:34:56.453632",533200
3210,1712,9,336.42,"Delivered","2023-05-13 08:37:35.012365",533299
5510,8802,6,2113.38,"Delivered","2023-02-08 01:55:39.651637",533299
8159,8680,3,378.78,"Delivered","2023-04-18 06:02:03.117457",533531
8664,3208,9,1386.9,"Delivered","2023-03-05 09:40:40.273829",533531
1141,2563,3,642.09,"Delivered","2023-07-19 23:30:23.639689",533531
2674,7638,4,1880.92,"Delivered","2023-05-12 04:33:29.2463",533793
6506,7919,2,910.24,"Delivered","2023-03-31 20:55:08.186173",533793
2505,4724,5,393.05,"Delivered","2023-09-20 20:41:27.614281",535726
8566,5358,3,1188.51,"Delivered","2023-03-16 00:54:13.04009",535726
9470,9157,5,2224.7,"Delivered","2023-09-24 10:52:41.193985",536489
4688,6756,3,66.6,"Delivered","2023-09-10 14:12:25.736021",536489
1012,5738,8,3582.64,"Delivered","2023-06-15 01:13:11.285093",536550
9666,2044,7,781.06,"Delivered","2023-12-06 07:08:55.314967",536550
5958,4566,6,1802.58,"Delivered","2023-04-08 11:27:48.68012",537392
9795,6434,2,672.92,"Delivered","2023-01-15 20:31:38.863904",538001
2486,2130,9,2510.91,"Delivered","2023-01-13 18:47:08.129178",540270
6402,9205,3,270.42,"Delivered","2023-02-17 23:16:42.249415",540270
1603,9639,1,429.68,"Delivered","2023-10-08 09:31:27.85003",540339
8803,3955,9,1067.49,"Delivered","2023-05-16 16:26:50.580187",540339
5424,3478,8,2730.08,"Delivered","2023-02-01 07:35:55.924161",540999
6189,2811,3,539.31,"Delivered","2023-10-02 20:05:27.746134",540999
6381,8873,4,1184.52,"Delivered","2023-05-22 20:43:32.53708",541596
5896,6348,5,1046.85,"Delivered","2023-12-03 12:19:55.358071",541596
6991,4508,1,225.98,"Delivered","2023-03-10 03:09:46.850086",541596
7036,6283,8,1920,"Delivered","2023-05-26 23:22:42.682584",543652
2274,2167,3,959.7,"Delivered","2023-06-19 07:06:35.723529",543652
4449,4915,6,1585.68,"Delivered","2023-03-17 20:00:42.967031",543652
3821,3973,2,151.92,"Delivered","2023-09-19 23:40:34.175223",544029
4875,8443,8,3660.08,"Delivered","2023-06-02 10:02:46.648208",544029
8321,6920,4,53.4,"Delivered","2023-09-24 08:30:58.910711",544029
4325,2985,7,778.33,"Delivered","2023-07-22 20:46:53.471697",546573
9499,9039,4,467.52,"Delivered","2023-05-05 17:50:03.270104",546573
7496,1262,1,169.23,"Delivered","2023-11-01 22:37:11.90323",546651
4852,9051,8,1552.16,"Delivered","2023-01-26 14:59:29.449572",547461
1892,8175,8,967.84,"Delivered","2023-10-04 09:28:48.951555",547461
4507,9440,2,539.08,"Delivered","2023-06-08 15:22:50.903045",547751
6891,4713,3,552.3,"Delivered","2023-10-28 00:50:21.89582",548214
5327,1221,7,421.75,"Delivered","2023-09-30 17:09:28.175246",548438
9755,6441,3,781.14,"Delivered","2023-08-09 01:49:45.525495",548438
6519,5390,5,478.3,"Delivered","2023-11-30 09:31:32.059059",548448
3675,7402,3,558.66,"Delivered","2023-06-17 09:44:43.144006",549599
7798,1085,5,2135.7,"Delivered","2023-05-23 18:34:46.903265",549599
9091,5477,4,1265.28,"Delivered","2023-06-08 23:13:51.400131",549599
7392,5969,9,1666.53,"Delivered","2023-04-05 09:36:00.884759",552029
5210,4112,2,454.82,"Delivered","2023-04-14 05:35:05.753629",552029
9784,5798,6,754.38,"Delivered","2023-08-01 11:22:47.321625",552029
5897,6131,5,2401.95,"Delivered","2023-08-18 21:29:10.930233",552752
6838,4366,5,135.25,"Delivered","2023-04-10 08:03:16.632542",552752
8383,6859,4,1284.16,"Delivered","2023-02-26 04:20:44.861913",552752
2180,7366,3,392.88,"Delivered","2023-06-15 21:55:34.778774",553617
5742,8396,2,233.56,"Delivered","2023-03-19 15:03:25.484059",553617
5005,9621,2,139.78,"Delivered","2023-03-23 01:50:29.534188",554021
3196,8863,5,1893.8,"Delivered","2023-04-27 04:21:09.366427",554021
7884,8801,9,464.49,"Delivered","2023-09-28 10:25:59.838237",554021
1813,8142,1,24.65,"Delivered","2023-08-11 20:17:40.594422",554104
3941,2548,7,1216.32,"Delivered","2023-04-10 21:41:09.427362",554104
8681,5629,3,1011.51,"Delivered","2023-06-25 10:50:44.807611",554830
7501,9849,5,77.85,"Delivered","2023-07-23 07:02:48.152243",554830
2087,5476,5,641.85,"Delivered","2023-04-09 08:42:14.877232",554889
1370,7621,9,3034.98,"Delivered","2023-05-01 18:52:54.283044",554889
8877,7929,2,746.08,"Delivered","2023-05-23 20:45:33.065294",554889
8934,2241,4,1493.44,"Delivered","2023-11-09 02:32:30.974585",555201
8542,6578,3,619.86,"Delivered","2023-04-03 22:37:08.526141",555201
9848,8120,4,873.72,"Delivered","2023-11-13 08:53:41.193002",555201
8778,8636,1,487.87,"Delivered","2023-02-14 09:25:11.500955",556661
8608,5542,7,2638.02,"Delivered","2023-09-20 16:52:59.523638",556661
4112,2824,6,2264.46,"Delivered","2023-10-25 18:03:04.779887",556661
5196,9263,8,2948.56,"Delivered","2023-04-18 04:41:41.113759",557574
9766,3751,3,1175.55,"Delivered","2023-08-04 02:20:11.220641",557574
1417,2858,6,1607.64,"Delivered","2023-09-16 18:13:19.686308",557574
8599,9324,2,813.6,"Delivered","2023-09-14 22:25:11.979152",559670
4650,9700,7,986.09,"Delivered","2023-06-25 05:59:22.62559",559670
5838,5252,1,346.67,"Delivered","2023-06-29 16:06:02.914293",560327
3593,6394,6,873,"Delivered","2023-04-05 14:22:11.015405",560327
8171,3340,1,281.57,"Delivered","2023-07-08 08:30:50.196134",560327
1172,2040,2,185.96,"Delivered","2023-03-24 23:09:16.958006",561025
9446,3264,4,406.08,"Shipped","2023-12-17 11:41:11.152773",561025
9088,9388,5,238.3,"Delivered","2023-06-04 06:53:50.843188",563530
4327,8919,2,905.9,"Delivered","2023-05-09 04:22:15.669266",565948
6091,6426,2,160.6,"Delivered","2023-04-30 05:53:04.998791",565948
4797,7054,7,203.63,"Delivered","2023-04-11 12:24:03.786536",566320
8864,7724,2,309.92,"Delivered","2023-03-20 10:43:58.720737",566320
7672,4687,8,2793.76,"Delivered","2023-10-19 16:34:10.794496",566320
2568,5338,9,3713.31,"Delivered","2023-11-25 17:54:51.989802",566484
2238,5763,6,1457.94,"Delivered","2023-02-11 18:24:12.542514",566484
2743,4734,3,88.11,"Delivered","2023-07-21 07:49:07.03719",566484
9085,5732,2,164.8,"Delivered","2023-02-04 03:15:52.309661",566744
4004,1327,1,61.31,"Delivered","2023-12-02 10:35:29.70829",566987
6016,5719,8,2222.72,"Delivered","2023-06-06 15:51:33.866703",568071
2915,6328,2,782.36,"Delivered","2023-10-01 21:39:33.904364",568071
9286,7853,9,1525.05,"Delivered","2023-07-26 08:52:45.931222",568071
7034,8100,2,46.2,"Delivered","2023-01-12 10:50:39.677203",568715
9338,8501,3,586.29,"Delivered","2023-08-22 18:09:16.977667",568715
3362,8977,10,4638.5,"Delivered","2023-10-22 15:31:26.731146",568715
7950,2355,9,1753.83,"Delivered","2023-07-12 20:32:39.745167",570931
9431,6393,6,552.54,"Delivered","2023-09-15 17:01:51.302447",571443
4338,1900,3,1232.4,"Delivered","2023-03-16 03:16:00.389319",571443
8386,1939,7,1027.53,"Delivered","2023-02-11 11:19:29.734365",571443
2745,8528,6,1744.8,"Delivered","2023-04-25 15:12:21.069688",571814
5402,2839,5,491.6,"Delivered","2023-08-12 09:57:49.532338",571814
2969,6140,9,3399.12,"Delivered","2023-02-27 13:32:03.46471",571814
6031,6559,8,356.16,"Delivered","2023-08-03 15:19:56.804653",576429
1459,5154,4,1819.28,"Delivered","2023-04-26 00:48:43.376861",576429
5114,3354,8,3496,"Delivered","2023-05-23 10:57:28.38776",576429
8944,2825,8,1540.56,"Delivered","2023-10-07 00:52:37.112508",576837
9413,9816,1,227.38,"Delivered","2023-04-16 06:11:06.21936",576837
8047,5886,9,3137.22,"Delivered","2023-10-04 23:20:06.331873",576837
3271,7745,7,2671.27,"Delivered","2023-05-08 19:03:26.490438",577617
4414,2874,10,430.4,"Delivered","2023-04-24 17:48:36.664821",577617
6982,4658,2,148.12,"Delivered","2023-07-20 04:44:14.968084",578316
8734,2470,7,659.4,"Delivered","2023-08-30 07:35:49.421561",578415
4929,8248,3,166.44,"Delivered","2023-09-06 02:05:59.90122",578814
7816,9181,2,817.86,"Delivered","2023-04-09 22:52:22.949908",578814
1108,6735,4,387.12,"Delivered","2023-01-11 11:18:06.076681",578814
7654,7680,2,895.88,"Delivered","2023-01-25 20:24:42.67803",579774
4027,1536,5,683.4,"Delivered","2023-06-22 16:58:06.768883",579774
4259,2487,6,1079.64,"Delivered","2023-09-27 12:16:23.822465",581097
9798,7995,3,1415.43,"Delivered","2023-08-17 03:24:56.473919",582175
2482,9302,10,3162.7,"Delivered","2023-02-20 02:31:48.540657",582371
8437,3694,9,1034.64,"Delivered","2023-11-08 18:23:06.367013",582371
4407,8357,4,1845.52,"Delivered","2023-01-06 20:10:19.720088",582371
5772,3643,7,2570.47,"Delivered","2023-08-04 04:47:44.53806",582748
6792,5333,8,2951.68,"Delivered","2023-04-08 17:33:44.740993",582748
4406,6330,6,1140.6,"Processing","2023-12-13 16:44:47.450427",582998
7526,8992,8,2096.56,"Delivered","2023-08-10 00:35:39.010647",582998
5071,5597,9,1096.92,"Delivered","2023-04-23 10:42:29.616292",582998
8688,1986,5,294.9,"Delivered","2023-07-28 16:15:25.213636",583019
8043,8256,1,103.35,"Delivered","2023-05-29 20:48:53.630249",583019
1658,4932,5,1171,"Delivered","2023-09-15 14:29:12.026036",583590
2240,7632,4,1587.32,"Delivered","2023-04-24 23:16:43.050256",583590
2283,6568,3,589.8,"Delivered","2023-08-16 09:43:53.512974",583590
3575,7311,3,1314.9,"Delivered","2023-11-28 08:29:31.429311",584667
2523,4685,9,2271.24,"Delivered","2023-07-12 01:35:09.149721",584667
1663,3894,9,666.54,"Delivered","2023-07-07 11:47:18.212541",585963
8657,4242,10,4757.8,"Delivered","2023-06-19 18:58:27.492261",585963
9126,8527,1,427.79,"Delivered","2023-04-09 11:14:58.36062",585963
2701,8851,4,1773.48,"Delivered","2023-09-24 22:54:04.237509",586437
2179,1047,10,605.8,"Delivered","2023-10-30 06:48:26.105782",586449
4749,5130,9,3193.2,"Delivered","2023-12-07 07:08:54.575643",586449
2288,5251,8,2962.96,"Delivered","2023-05-29 11:31:53.71146",587365
1525,8382,8,1396.56,"Delivered","2023-09-06 12:32:28.788383",587365
1196,3875,8,3032.16,"Delivered","2023-11-09 00:29:11.495911",587454
7203,8062,9,1230.03,"Delivered","2023-01-15 03:56:31.936259",587454
1880,6163,3,1273.02,"Delivered","2023-01-30 16:18:20.433728",587454
1253,9474,3,1133.58,"Delivered","2023-01-25 12:37:38.688855",590151
1760,5039,1,75.74,"Delivered","2023-09-27 01:06:25.284439",590151
9920,1973,2,21.74,"Delivered","2023-04-16 22:08:54.086327",591005
2782,9326,10,3938.3,"Delivered","2023-02-18 01:41:53.495587",591005
8806,4467,3,219.96,"Delivered","2023-03-17 11:46:21.255497",591005
1776,5170,5,2050.05,"Delivered","2023-06-24 06:34:24.587755",592213
6209,6849,6,1528.14,"Delivered","2023-08-28 02:43:30.848012",592213
4380,9893,2,57.82,"Delivered","2023-07-16 19:25:41.456723",592213
2913,2049,2,427.18,"Delivered","2023-03-08 06:33:05.496774",592234
4232,5817,2,982.5,"Delivered","2023-05-09 05:24:05.943367",592234
7844,2573,6,2531.4,"Delivered","2023-05-04 23:19:37.093729",592234
2984,2688,1,206.1,"Delivered","2023-11-06 16:54:49.492826",592801
7246,3539,8,3463.6,"Delivered","2023-11-28 03:38:10.523162",592801
8264,8824,3,566.43,"Delivered","2023-03-11 05:05:03.288008",592801
9878,1102,1,463.71,"Delivered","2023-08-03 23:09:51.256915",594424
1822,6713,1,248,"Delivered","2023-05-18 20:36:24.078048",594424
9003,8895,8,3963.44,"Delivered","2023-05-06 13:29:39.446581",594424
3040,6513,5,2249.75,"Delivered","2023-06-05 13:30:51.026881",595412
2269,9951,4,1039.44,"Delivered","2023-01-27 23:21:06.775399",595412
6536,3813,8,2131.68,"Delivered","2023-05-15 01:48:53.454363",595412
2020,5502,3,541.95,"Delivered","2023-03-16 23:50:55.248941",596101
9153,3705,4,1064.52,"Delivered","2023-06-05 22:37:35.247018",596101
9993,9603,2,955.64,"Delivered","2023-09-27 07:21:36.672374",596101
3364,3406,1,235.07,"Delivered","2023-04-27 10:38:56.682062",596117
4016,2082,3,597.48,"Delivered","2023-09-29 00:02:56.82467",596117
1956,1191,2,596.4,"Delivered","2023-10-04 05:29:25.230833",596117
8268,1664,9,1464.93,"Delivered","2023-11-28 04:27:50.01016",596223
7273,3213,6,636.84,"Delivered","2023-05-07 17:27:40.385495",598233
4594,2740,10,896.3,"Delivered","2023-06-24 13:11:19.199039",598233
5132,2502,6,1785.12,"Delivered","2023-07-01 04:58:47.766891",598233
1107,7627,10,3920.5,"Delivered","2023-04-30 04:18:05.802948",598388
1839,5939,10,3582.3,"Delivered","2023-11-01 01:42:36.749305",598388
9236,5133,10,2934.3,"Delivered","2023-08-16 14:38:24.559189",598388
6102,8257,7,1687.21,"Delivered","2023-10-15 17:06:13.33446",600004
2594,1647,9,3495.51,"Delivered","2023-11-23 06:52:02.120986",600004
5524,9498,4,1796.12,"Delivered","2023-08-23 22:44:42.995935",600004
5483,4392,5,202.95,"Delivered","2023-09-28 17:20:42.21987",600244
8072,5808,10,1094.5,"Delivered","2023-01-26 19:14:10.515752",600244
5948,8604,7,2520.77,"Delivered","2023-08-06 17:04:19.277464",600244
3068,1629,6,2274.12,"Delivered","2023-09-23 22:21:16.277916",601012
2946,8375,4,1984.48,"Delivered","2023-05-22 10:38:11.945873",601575
5275,1781,9,2231.64,"Delivered","2023-11-11 18:54:31.268034",601575
7374,8675,7,98.84,"Delivered","2023-11-15 21:46:30.235841",607953
8888,4344,6,1938.36,"Delivered","2023-01-17 13:00:13.173039",607953
1154,5754,1,308.15,"Delivered","2023-01-29 15:25:32.193701",608142
8431,4881,1,44.45,"Delivered","2023-12-05 00:41:48.060345",608142
1535,6438,5,1093.65,"Delivered","2023-05-15 18:32:09.292855",608142
6169,7418,7,1977.22,"Delivered","2023-08-29 16:13:03.579281",609629
1829,1013,2,805,"Delivered","2023-02-17 13:30:41.616391",609629
6207,7359,6,79.02,"Delivered","2023-05-26 19:01:48.876443",609629
3222,7799,5,809.3,"Delivered","2023-08-08 07:22:47.262818",609654
2001,9044,3,42.12,"Delivered","2023-07-05 09:56:44.519655",609654
5907,8166,7,2817.29,"Delivered","2023-03-09 22:45:40.222903",609654
2779,4752,8,3820.56,"Delivered","2023-07-29 20:02:02.63246",610291
7977,7478,1,172.82,"Delivered","2023-02-04 19:17:04.577008",611205
8625,2019,3,1024.02,"Delivered","2023-11-06 14:34:55.362175",611205
1195,5275,8,3171.76,"Delivered","2023-11-29 12:40:29.157413",611271
7793,9780,8,2276.48,"Delivered","2023-03-25 13:43:00.235438",611937
7631,1205,2,192.7,"Delivered","2023-05-24 15:36:45.495581",611937
5528,3199,9,4354.38,"Delivered","2023-08-22 13:31:12.552574",611937
7998,6765,5,365.2,"Delivered","2023-11-02 08:23:06.939785",612767
6151,6168,4,1681.32,"Delivered","2023-08-05 18:33:19.462782",614896
7255,9045,4,766.28,"Delivered","2023-05-01 00:13:59.399309",614896
2647,6030,2,842.56,"Delivered","2023-09-10 06:45:57.060121",614896
6372,6082,3,81.27,"Delivered","2023-09-11 05:32:21.159189",615288
7216,8463,7,101.99,"Delivered","2023-11-21 20:45:40.512246",615288
7369,4791,7,642.11,"Delivered","2023-01-19 21:11:18.547114",615288
6609,4655,2,909.22,"Delivered","2023-02-19 02:52:29.980956",615774
7190,2147,10,3834.8,"Delivered","2023-06-25 13:43:18.689492",616972
9850,7782,5,1516.3,"Delivered","2023-03-02 13:32:09.735969",616972
6217,5623,5,1868.5,"Delivered","2023-04-23 10:41:47.344061",616972
7668,4505,10,2546.9,"Delivered","2023-11-23 20:56:55.308264",617688
5921,6495,3,931.41,"Delivered","2023-12-02 01:38:53.457457",617688
9803,5412,8,1158.8,"Delivered","2023-02-14 19:33:25.53934",618487
4137,3817,3,697.68,"Delivered","2023-01-28 17:02:26.511349",618487
8217,7690,1,335.59,"Delivered","2023-03-15 05:45:40.043932",619494
6220,7771,6,2631.36,"Processing","2023-12-12 12:11:45.473341",619494
3339,7912,4,843.2,"Delivered","2023-05-02 17:53:46.891422",624294
2822,3959,5,467.5,"Delivered","2023-08-17 01:04:16.669123",624294
9027,9497,6,1694.64,"Delivered","2023-07-20 16:50:37.177598",624294
7949,1645,8,3545.04,"Delivered","2023-01-29 16:03:07.636346",624481
6001,9232,6,1504.74,"Delivered","2023-10-04 03:20:50.154152",624481
9520,9624,2,824.22,"Delivered","2023-08-07 15:30:45.368948",624481
4597,6974,4,1788.52,"Delivered","2023-08-10 16:13:46.852432",624485
3374,3445,6,1106.52,"Delivered","2023-07-08 14:14:57.731978",629135
5056,1180,5,1028.65,"Delivered","2023-07-20 15:55:06.283455",629135
9393,4964,2,435.6,"Delivered","2023-08-07 14:50:58.042248",630752
9157,9907,6,1440.06,"Delivered","2023-06-29 04:35:54.498258",634060
8948,5031,1,236.87,"Delivered","2023-09-17 20:45:00.434491",634060
4363,8469,3,575.91,"Delivered","2023-07-11 03:48:26.042294",634060
3402,2146,2,614.56,"Delivered","2023-07-22 05:36:17.460743",638871
5065,9880,4,1556.24,"Delivered","2023-04-16 03:40:02.252148",638871
7871,3753,9,1685.25,"Delivered","2023-05-08 23:53:52.022917",638875
7987,1228,1,367.5,"Delivered","2023-09-25 17:11:24.451783",638875
1942,8900,8,253.76,"Delivered","2023-10-24 08:17:57.771597",638875
3606,1315,6,1471.2,"Delivered","2023-10-02 15:53:56.824367",638972
5414,4145,10,1300.6,"Delivered","2023-10-13 10:55:04.304977",639914
6227,8524,7,1743.07,"Shipped","2023-12-30 23:45:38.283491",639914
2806,6065,10,3947.7,"Delivered","2023-10-15 06:37:19.583306",639914
7946,7554,2,994.16,"Delivered","2023-02-28 06:26:13.207641",640249
1337,2216,9,4019.31,"Delivered","2023-05-08 20:56:19.91606",640249
2359,5127,8,2238.24,"Delivered","2023-06-21 10:11:50.226148",640249
5037,5455,5,55.7,"Processing","2023-12-14 23:34:02.495272",642607
8532,9990,10,482.8,"Delivered","2023-07-21 09:43:20.323615",644175
4447,8956,4,391.68,"Delivered","2023-08-20 00:20:20.260128",644254
5042,2976,2,533.68,"Delivered","2023-06-19 18:49:23.511466",644254
5956,2363,6,1799.1,"Delivered","2023-10-15 19:52:17.144065",644781
8506,9301,3,828.51,"Delivered","2023-01-09 23:05:37.168251",644781
9454,6165,8,3747.04,"Delivered","2023-10-08 11:09:22.445927",645218
7711,2844,4,815.6,"Processing","2023-12-14 14:38:55.665196",645218
7052,5282,5,2085.6,"Delivered","2023-01-14 06:02:08.405982",645263
1261,9814,4,521.16,"Delivered","2023-11-07 17:07:18.122039",645263
2293,9291,7,137.48,"Delivered","2023-03-03 03:17:20.738511",645263
9475,4034,4,1214.4,"Delivered","2023-05-25 02:28:02.350454",646053
7326,1888,7,3291.4,"Delivered","2023-09-23 05:15:11.37785",646053
9516,6074,3,808.26,"Delivered","2023-05-04 04:16:45.533177",646053
4865,6110,9,1270.71,"Delivered","2023-11-08 05:39:55.464832",646091
6429,6991,6,2082.66,"Delivered","2023-09-22 09:56:53.914333",646091
4501,1346,2,266.48,"Delivered","2023-07-06 22:56:31.184288",647052
2477,3742,1,351.38,"Delivered","2023-03-09 22:21:18.589229",647776
8567,5966,7,1231.02,"Delivered","2023-09-25 10:36:39.482042",647776
6315,5151,8,2127.6,"Delivered","2023-02-08 20:06:31.421226",647776
3647,6244,6,1362,"Delivered","2023-01-28 05:50:53.983569",648343
4926,2709,4,726.56,"Delivered","2023-03-08 21:46:26.283741",649190
7733,7663,3,422.7,"Delivered","2023-07-10 10:59:43.116862",649190
4094,1924,1,446.97,"Delivered","2023-04-20 04:10:35.417904",649190
7762,9563,8,3051.76,"Delivered","2023-06-23 03:46:47.076426",649494
9775,9175,9,3414.33,"Delivered","2023-04-29 12:04:11.498656",650023
3719,3286,3,1400.4,"Delivered","2023-07-19 20:19:36.870033",650023
6286,7213,4,1257.04,"Delivered","2023-09-08 00:53:31.552888",651751
3472,7600,5,346.3,"Delivered","2023-06-03 09:41:28.455422",651938
9076,9370,10,4334.8,"Delivered","2023-02-18 07:46:34.809772",651938
9025,6309,6,678.12,"Delivered","2023-04-02 17:34:58.107925",651938
9095,9676,1,54.15,"Delivered","2023-05-31 02:18:53.272724",652265
4184,3524,4,718.4,"Delivered","2023-10-13 17:43:05.003051",652525
9990,2586,4,1142.6,"Delivered","2023-06-15 18:37:35.348177",652525
6920,3595,1,134.54,"Delivered","2023-06-03 15:18:50.174679",653637
4782,6637,10,4245.3,"Delivered","2023-07-23 02:25:52.332692",653637
4431,1010,2,458.06,"Delivered","2023-03-01 11:11:50.123943",654857
1132,2535,5,1151.25,"Delivered","2023-11-14 21:58:33.771205",654857
4920,3084,4,1312.2,"Delivered","2023-07-05 15:29:52.766257",657081
4954,7077,2,558.9,"Delivered","2023-08-19 03:02:17.510781",659021
7731,9084,9,3070.53,"Delivered","2023-08-10 16:59:21.404648",659021
3793,2454,2,323.1,"Delivered","2023-08-25 11:17:44.955412",659610
2511,8095,9,2469.69,"Delivered","2023-06-19 20:32:56.337835",659653
7164,1255,3,129.72,"Delivered","2023-09-23 23:17:56.337849",664824
6500,2134,8,3732.48,"Processing","2023-12-16 22:16:45.277938",664824
1422,6113,5,217.5,"Delivered","2023-11-19 15:00:43.135393",664824
1811,4226,1,462.7,"Delivered","2023-09-08 15:30:45.560096",664831
4868,4316,6,1129.92,"Delivered","2023-10-22 13:26:36.537535",664831
8348,5009,2,883.74,"Delivered","2023-10-03 14:03:31.989529",666158
5423,6998,9,2237.58,"Delivered","2023-05-23 23:11:35.970127",666158
1438,9553,4,1425.6,"Delivered","2023-03-01 03:50:13.682386",666190
1469,1786,9,2992.14,"Delivered","2023-06-04 04:28:05.686317",666190
9283,2445,7,815.71,"Delivered","2023-05-12 00:54:18.932072",667062
9051,6245,2,209.16,"Delivered","2023-09-22 03:59:20.122874",667062
4334,7099,3,795.42,"Delivered","2023-04-12 15:39:54.720425",671315
5745,3618,4,319.16,"Delivered","2023-06-26 14:41:41.229738",671662
3176,5590,7,3098.34,"Delivered","2023-07-21 10:29:41.400664",672555
6482,3299,3,1233.36,"Delivered","2023-02-17 07:23:51.695218",672648
7968,2339,6,2726.76,"Delivered","2023-07-12 15:05:29.754236",672648
1305,4138,1,158.78,"Delivered","2023-04-05 03:15:59.201999",672648
6350,4947,4,1330.04,"Delivered","2023-05-22 18:42:10.064732",673925
9930,4244,8,2744.8,"Delivered","2023-11-17 13:28:24.652619",674120
3248,1687,5,1199.15,"Delivered","2023-06-28 14:33:23.160542",674120
2635,5286,3,53.91,"Delivered","2023-02-23 22:42:50.648888",674726
5819,1005,10,581.6,"Delivered","2023-03-17 05:30:23.913717",674726
4215,7013,3,943.11,"Delivered","2023-03-19 14:11:16.509722",676493
4247,6997,8,1838.72,"Delivered","2023-08-26 08:35:32.808521",676639
1939,8511,9,513.45,"Delivered","2023-05-29 02:35:44.241893",677222
7261,9744,2,963.7,"Delivered","2023-11-05 03:15:59.521329",677222
7275,6465,8,708.96,"Delivered","2023-07-01 05:41:11.368101",677496
1179,8272,10,3112.4,"Delivered","2023-09-04 09:55:44.058949",677496
5752,9803,3,73.14,"Delivered","2023-04-23 09:45:16.072293",677496
1275,4529,4,1236.12,"Delivered","2023-02-27 15:03:40.835414",678491
7732,7205,3,1421.1,"Delivered","2023-03-07 08:01:53.193606",678491
6585,6499,8,2646.8,"Delivered","2023-02-05 09:24:29.806874",678491
6417,3310,6,1526.34,"Delivered","2023-05-07 18:54:03.183696",679382
4210,3585,1,186.35,"Delivered","2023-05-23 06:49:06.333969",679382
8421,3974,2,57.42,"Delivered","2023-09-20 20:50:48.006092",680188
5396,1358,2,612.02,"Delivered","2023-02-02 07:59:25.152164",680188
8785,4916,5,96.6,"Delivered","2023-07-02 08:42:37.272685",680191
4177,2868,4,830.88,"Delivered","2023-08-30 09:09:50.589555",680227
2665,8305,10,1461.1,"Delivered","2023-02-27 07:51:22.546051",680227
4962,6460,4,1007.12,"Delivered","2023-10-16 09:08:55.989368",680227
8724,2017,8,1468.08,"Delivered","2023-02-13 20:42:18.426438",680563
4298,7596,8,255.76,"Delivered","2023-01-28 16:06:15.679864",682125
9346,6864,4,85.24,"Delivered","2023-09-03 02:03:57.062538",682125
7384,4027,9,3081.33,"Processing","2023-12-16 22:11:47.833846",685336
4384,9444,8,2800.32,"Delivered","2023-03-09 03:57:16.509705",685336
7862,5673,7,2687.09,"Delivered","2023-10-05 02:31:31.968508",689300
8112,3172,5,1530.1,"Delivered","2023-11-13 02:03:55.66154",690901
3244,6512,6,1690.08,"Delivered","2023-04-01 08:19:17.187179",691235
6478,1011,9,1477.62,"Delivered","2023-03-16 01:22:10.354509",691235
8340,8850,6,397.68,"Delivered","2023-09-20 16:52:23.975692",691576
5401,5048,10,1292.2,"Delivered","2023-04-13 04:14:52.055136",691576
3608,5779,1,172.38,"Delivered","2023-02-05 16:34:48.080393",692177
1106,9560,6,2511.54,"Delivered","2023-07-13 10:59:28.080774",692745
8010,4282,3,443.64,"Delivered","2023-07-21 02:05:35.514951",692745
4390,7666,7,2291.94,"Delivered","2023-01-28 05:47:08.123237",692745
1278,6169,6,2036.52,"Delivered","2023-08-03 21:55:53.710516",694911
1774,4089,7,3173.03,"Delivered","2023-05-22 16:11:17.501361",698511
8974,8786,10,1216.1,"Delivered","2023-10-21 19:45:05.677606",698511
4320,7259,5,1266.65,"Delivered","2023-06-16 11:15:12.778084",700841
1041,1789,2,499.2,"Delivered","2023-05-27 08:22:12.812981",700841
4587,7324,6,382.92,"Delivered","2023-06-16 10:59:21.837758",701611
8675,2058,1,115.99,"Delivered","2023-06-08 14:19:59.059975",701611
6229,5179,1,314.03,"Delivered","2023-05-18 07:43:01.784052",701611
3531,7859,10,4144.5,"Delivered","2023-11-06 15:14:41.513263",702081
8040,4415,7,554.96,"Delivered","2023-06-05 12:47:12.130565",703164
4211,1646,2,888.52,"Delivered","2023-08-29 14:57:31.990342",703164
2075,6664,1,134.62,"Delivered","2023-04-28 01:24:10.175102",704608
5596,2166,10,4493.8,"Delivered","2023-04-14 18:58:05.183832",704608
1580,6077,1,270.86,"Delivered","2023-04-16 01:00:46.639605",706898
7686,9595,3,1008.84,"Delivered","2023-04-23 06:59:37.416404",706898
4625,8015,3,192.96,"Delivered","2023-08-24 16:48:19.853379",706898
3256,2911,8,2538.56,"Delivered","2023-08-22 07:13:54.685099",708591
9302,4485,7,550.83,"Delivered","2023-01-14 11:48:06.595018",708591
9577,3787,6,989.58,"Delivered","2023-07-21 17:55:04.797216",708591
5939,5453,9,3353.22,"Delivered","2023-03-13 03:51:37.223192",708710
5206,2282,9,1741.14,"Delivered","2023-04-02 10:05:27.992494",710122
3228,8456,2,786.98,"Processing","2023-12-11 15:54:04.682059",710122
3289,4945,6,2194.5,"Delivered","2023-05-15 05:23:44.653561",710122
6496,7818,10,1154.9,"Delivered","2023-01-21 05:18:40.162515",711109
2019,9043,10,777.3,"Delivered","2023-06-19 19:29:58.16561",711109
5000,3048,2,615.42,"Delivered","2023-04-16 04:37:30.740303",711109
1326,7024,4,831,"Delivered","2023-03-30 14:03:52.560651",711305
6319,7330,9,4041.36,"Delivered","2023-04-30 15:36:15.857963",712687
8730,3467,7,580.51,"Delivered","2023-03-03 06:31:16.398473",713017
6475,9470,3,529.5,"Delivered","2023-11-13 22:14:25.884729",713017
9699,8065,3,1164.81,"Delivered","2023-05-25 14:13:48.171261",713017
3366,6924,9,3577.14,"Delivered","2023-03-29 08:20:54.68498",714008
1414,7005,8,3568.48,"Delivered","2023-05-20 12:50:16.156241",716071
9541,2826,5,1082.3,"Delivered","2023-11-09 18:51:34.682872",716071
9237,8603,9,4373.28,"Delivered","2023-12-01 05:54:06.938065",716071
2845,8693,3,269.13,"Processing","2023-12-12 21:09:21.339422",716406
8257,6150,1,258.33,"Delivered","2023-06-08 13:44:43.047795",716853
7511,3649,7,204.96,"Delivered","2023-08-24 12:15:16.317862",716853
6563,8936,9,3102.93,"Delivered","2023-11-09 10:04:44.008625",716853
1736,6018,9,2972.88,"Delivered","2023-11-17 04:48:53.100553",717535
5025,6646,3,1291.74,"Delivered","2023-11-02 16:00:28.568289",717535
7477,2016,3,1489.17,"Delivered","2023-10-30 20:18:52.771218",718397
4821,7139,8,959.04,"Delivered","2023-05-26 08:04:25.125109",718397
7823,7588,3,75.24,"Delivered","2023-01-15 22:47:31.938973",720906
9294,6847,3,156.27,"Delivered","2023-02-19 09:55:30.465057",720906
8552,9072,5,2300.35,"Delivered","2023-03-18 16:53:20.529358",720906
6624,9503,1,311.7,"Delivered","2023-02-21 15:33:45.460348",721019
2772,4914,6,1723.86,"Delivered","2023-01-18 07:26:51.749723",721019
6438,9580,4,45.44,"Delivered","2023-04-03 03:36:59.853499",721019
4093,9938,9,1340.55,"Delivered","2023-07-21 13:14:35.407268",721152
3100,1750,10,4793.4,"Delivered","2023-11-02 01:02:41.524961",721152
6993,6507,1,100.55,"Delivered","2023-08-26 23:57:17.209251",721426
7041,9869,10,959.8,"Delivered","2023-07-02 02:41:58.110716",721426
6704,4844,7,575.12,"Delivered","2023-10-10 02:42:13.786471",723236
1809,9255,3,226.02,"Delivered","2023-08-11 01:41:56.648577",723414
2625,6396,5,2371.5,"Delivered","2023-03-11 17:15:54.64561",725731
5690,2335,5,1275.85,"Delivered","2023-01-19 14:57:09.620156",725731
1019,1215,8,1944,"Delivered","2023-11-08 21:40:54.313704",725731
1828,5909,7,1662.85,"Delivered","2023-09-05 12:11:02.852852",726000
7143,1418,10,3451.2,"Delivered","2023-06-01 06:05:58.074903",726161
1386,5557,7,564.69,"Delivered","2023-05-05 21:58:24.493444",726161
4824,8490,9,931.68,"Delivered","2023-05-07 19:27:15.135233",726161
9809,8235,3,541.74,"Delivered","2023-06-30 17:11:42.547762",728602
1721,6962,10,934.5,"Delivered","2023-06-11 02:43:05.379432",728602
8477,7717,5,2243.8,"Delivered","2023-03-14 03:28:15.244275",728602
1356,4014,4,1020.2,"Delivered","2023-11-04 02:56:20.993544",729128
9135,4757,5,497,"Delivered","2023-10-31 01:52:16.770219",729128
8444,4698,6,448.02,"Delivered","2023-08-17 23:39:01.533239",729128
4751,8667,3,857.88,"Delivered","2023-05-18 02:28:35.296966",730221
3681,7863,10,873.1,"Delivered","2023-04-14 02:11:04.375408",730221
5998,2189,6,1264.92,"Delivered","2023-01-21 20:44:29.552784",730221
9348,2197,1,150.4,"Delivered","2023-11-20 09:02:04.15519",730325
7815,5672,10,439.3,"Delivered","2023-06-24 23:33:06.679722",730635
1496,2544,3,734.16,"Delivered","2023-04-06 13:58:39.730805",730635
5951,7593,9,1290.42,"Delivered","2023-11-04 00:53:12.642269",730635
2548,4785,4,1047.12,"Delivered","2023-06-19 16:28:43.012488",733383
2002,5961,3,743.67,"Delivered","2023-08-22 09:10:03.116343",733383
9760,6001,5,731,"Delivered","2023-02-26 19:44:51.388728",733577
5313,4178,5,183,"Delivered","2023-01-18 12:44:51.405921",734660
5115,5616,3,224.97,"Delivered","2023-04-03 02:12:50.529851",734784
6987,4150,3,1066.98,"Delivered","2023-09-13 11:31:03.167618",734784
9527,3927,3,1331.13,"Delivered","2023-11-04 09:22:10.737743",734784
4517,4522,5,734.55,"Delivered","2023-11-15 03:59:33.761626",736526
3938,5937,8,3780.4,"Delivered","2023-03-09 19:52:30.106256",736526
9947,5761,1,55.83,"Delivered","2023-08-24 15:42:16.350797",736526
6146,6552,3,598.47,"Delivered","2023-04-27 11:39:06.868193",737545
