"payment_id","payment_datetime","payment_method","payment_amount","user_id","order_detail_id"
4491,"2023-01-26 12:01:47.571032","Credit Card",1662.88,101519,1354
5877,"2023-12-01 18:42:54.006356","Credit Card",1024.56,101519,4884
3660,"2023-03-08 12:27:23.567951","Credit Card",4438.12,102346,5413
6413,"2023-04-22 23:39:10.454917","PayPal",3992.38,102346,5677
4267,"2023-02-02 10:01:49.489717","PayPal",3002.48,102346,4767
8342,"2023-04-13 02:48:26.575296","Debit Card",1594.57,102886,3853
6378,"2023-04-17 16:54:53.615978","Credit Card",396.38,102886,9334
3034,"2023-02-02 11:03:41.07918","PayPal",4117.85,103145,1857
5269,"2023-03-01 19:35:31.936683","Debit Card",949.22,103145,6823
4984,"2023-01-31 06:44:17.796487","PayPal",189.42,103268,3373
2165,"2023-10-24 00:11:28.627949","Credit Card",834.02,103268,8701
1501,"2023-12-03 08:25:25.813182","Credit Card",1237.04,103677,2660
6089,"2023-01-17 06:39:22.134361","Credit Card",3541.22,103677,7792
2767,"2023-09-17 03:46:11.902064","Debit Card",52.6,103798,6786
6006,"2023-10-02 19:54:29.382454","Credit Card",804.82,103798,6532
8851,"2023-08-15 00:39:59.596459","Credit Card",94.9,103798,4158
1012,"2023-07-31 04:26:07.053305","Credit Card",1362.16,103932,3812
9646,"2023-04-22 19:58:34.310697","Debit Card",162.12,103932,7605
5751,"2023-06-11 03:07:04.226888","Credit Card",174.19,103932,3138
8512,"2023-05-24 12:26:45.619977","Debit Card",34.68,104387,4826
6861,"2023-08-30 17:29:16.732106","PayPal",314.04,104387,6599
5432,"2023-02-20 18:00:09.814149","PayPal",1058.21,104387,2664
4173,"2023-08-15 08:37:40.454379","Credit Card",1991.3,104506,4702
4586,"2023-10-31 02:52:38.715932","PayPal",62.3,105066,3512
3619,"2023-07-02 05:12:28.365638","Credit Card",424.68,106206,1969
9696,NA,"PayPal",2811.84,106206,7461
3869,"2023-06-07 05:27:57.776469","PayPal",2713.92,106206,8017
6942,"2023-10-30 08:26:12.58909","Debit Card",1171.84,106956,7696
5233,"2023-10-05 08:17:48.909565","Credit Card",426.19,106956,9636
4364,"2023-05-19 20:57:38.623036","Credit Card",1232.43,106956,9810
9863,"2023-07-12 23:58:57.77324","PayPal",3673.61,107902,5275
9902,"2023-10-24 17:04:12.638514","Credit Card",356.04,108433,1679
1298,"2023-03-11 05:36:57.523109","Debit Card",1676.92,108433,5266
3718,"2023-04-14 06:27:26.950572","PayPal",842.85,108433,1683
9124,"2023-10-07 21:04:08.153613","Debit Card",941.35,108559,1275
5984,NA,"PayPal",301.58,109182,9630
2168,"2023-11-24 02:26:25.492782","PayPal",4227.97,109283,3806
3695,"2023-11-12 23:04:16.063702","PayPal",959.6,109283,8892
4243,"2023-05-15 22:24:10.62352","Debit Card",757.1,109663,7718
9575,"2023-05-10 09:59:55.057829","Debit Card",526.81,109692,4478
7446,"2023-10-04 00:14:41.0295","Debit Card",397.53,109692,9491
2696,"2023-04-18 06:59:29.825457","Debit Card",1363.55,113013,3639
8715,"2023-10-28 06:10:28.921775","PayPal",206.35,114434,4066
2619,"2023-06-30 23:01:46.481814","Credit Card",423.94,114434,7302
7000,"2023-08-06 19:06:05.346506","PayPal",883.5,114434,3039
2542,"2023-10-04 10:51:01.490884","Credit Card",553.84,115079,1315
9136,"2023-08-06 11:22:33.616932","Debit Card",817.76,115079,8667
1513,"2023-03-29 04:11:04.602457","Debit Card",2033.87,115079,5214
3715,"2023-08-07 10:52:59.267474","Debit Card",1201.52,116898,3183
3665,"2023-11-29 10:32:15.359435","PayPal",1080.61,117375,1031
3613,"2023-07-08 12:11:26.554152","PayPal",1010.44,117743,6243
9879,"2023-11-05 05:25:38.261294","PayPal",368.7,117743,4546
2556,"2023-06-23 00:46:05.572326","PayPal",1210.99,117743,2700
2882,"2023-06-19 12:52:39.615371","PayPal",3752.21,117949,5202
5739,"2023-02-15 06:20:48.074522","Debit Card",3134.48,117949,1807
6071,"2023-02-10 09:56:09.547767","PayPal",1812.52,119430,5059
8176,"2023-05-24 15:21:02.012145","PayPal",25.12,119991,3467
4512,"2023-05-22 23:29:40.632037","Credit Card",2153,120854,5409
7030,"2023-08-13 14:24:27.363046","Debit Card",1335.19,120854,3663
8719,"2023-04-17 23:42:58.86609","PayPal",796.4,120854,1000
8981,"2023-08-07 03:58:41.081545","Debit Card",1356.78,121459,1955
1614,"2023-08-06 12:01:25.236673","Credit Card",593.25,121459,8879
5088,"2023-11-19 01:55:53.080814","Debit Card",154.26,122188,4980
5988,"2023-12-11 13:22:24.183563","Debit Card",1236.3,122188,7731
3910,"2023-04-28 18:58:26.393534","Debit Card",1783.32,122746,8914
8413,"2023-02-26 15:50:36.115517","PayPal",1199.44,122746,4407
8769,"2023-10-18 03:45:06.86667","PayPal",1546.52,122746,5244
7719,"2023-04-29 18:47:47.763564","PayPal",272.8,122749,1632
8637,"2023-02-20 06:28:18.867349","Credit Card",2811.75,123641,6868
1575,"2023-10-10 22:40:34.617479","Debit Card",1200.16,123641,3411
4767,"2023-10-21 05:43:11.907379","PayPal",185.13,125402,6784
1089,"2023-12-01 21:06:37.836728","Debit Card",1057.26,125402,7861
2513,"2023-05-30 03:42:28.090926","PayPal",793.04,125564,1312
7616,"2023-11-08 05:44:18.389416","Credit Card",1293.03,125564,4455
8722,"2023-03-06 13:22:52.696504","Credit Card",491.62,125564,1551
8666,"2023-11-11 20:30:46.24532","Debit Card",2071.81,127091,8870
5015,"2023-09-05 14:34:05.91712","Credit Card",2068.64,127091,7975
5492,"2023-09-01 11:13:24.044938","PayPal",3119.58,127091,9801
6833,"2023-09-20 16:09:43.725969","PayPal",3695.31,127163,3478
2277,"2023-07-05 10:37:16.356515","Debit Card",702.07,127163,3874
5149,"2023-02-04 11:29:50.267993","PayPal",1604.45,127163,4887
5144,"2023-03-12 02:53:58.258088","PayPal",638.5,128972,6162
1609,"2023-06-23 07:17:25.571181","Credit Card",2607.06,129490,7875
1150,"2023-04-08 14:32:29.086625","Debit Card",249.61,129618,4907
3770,"2023-09-08 17:31:05.36646","PayPal",1861.6,130571,2688
9302,"2023-09-21 21:39:36.654238","Credit Card",378.2,130571,4618
5129,"2023-07-09 07:01:55.001696","Debit Card",402.28,133094,1802
6573,"2023-05-29 04:34:32.514857","PayPal",275.23,134693,3958
5485,"2023-09-11 01:32:37.643663","PayPal",2013.13,134693,2849
1775,"2023-06-27 06:44:27.820412","Credit Card",670.2,137037,2179
8805,"2023-06-30 06:46:19.483154","PayPal",1017.1,137037,3068
9659,"2023-01-30 23:21:35.968381","PayPal",2444.08,137715,3496
4056,"2023-05-14 21:05:25.925893","PayPal",155.74,137968,8374
3377,"2023-07-11 04:01:24.583676","Credit Card",194.1,137968,6869
7549,"2023-08-14 18:06:19.756419","Credit Card",155.7,137968,9307
3549,"2023-07-11 00:24:26.960078","Credit Card",732.93,138947,5730
3131,"2023-03-22 00:00:00.74723","PayPal",400.57,140294,9575
2960,"2023-07-04 23:21:00.588348","PayPal",3655.55,140294,1258
1424,"2023-04-17 03:27:51.900246","Credit Card",1458.82,140294,4919
8920,"2023-08-24 11:23:26.539679","Debit Card",1295,141029,5646
5545,"2023-02-19 01:39:06.179878","Credit Card",2830.43,141029,1223
8750,"2023-03-10 04:14:58.501309","Credit Card",3396.96,141408,3188
3808,"2023-05-20 18:42:51.404339","Credit Card",1236,141408,1326
1196,"2023-04-08 20:13:35.343428","Credit Card",268.26,142521,1113
8888,NA,"Credit Card",61.12,143462,9628
5968,"2023-11-15 05:31:54.4846","Credit Card",863.44,146322,9990
1441,"2023-04-24 13:46:26.383948","PayPal",1064.42,146322,7113
5141,"2023-06-06 21:14:50.528925","Debit Card",1609.37,146322,1280
9847,"2023-03-29 10:11:23.91754","PayPal",2196.43,146645,1567
8823,"2023-09-15 03:22:48.372401","Credit Card",1504.03,146887,3634
6618,"2023-04-11 09:21:39.787015","Credit Card",241.3,146887,7911
5815,"2023-09-09 03:22:11.332308","Credit Card",780.62,147025,4086
4892,"2023-10-23 04:47:20.13264","Credit Card",1588.32,147025,6946
4042,"2023-11-27 02:48:11.158301","PayPal",1177.19,147578,6110
1029,"2023-10-15 02:09:44.72935","Debit Card",707.6,148073,7608
2805,"2023-01-07 23:03:08.224279","PayPal",53.79,148073,5613
7372,"2023-05-24 17:05:59.977059","PayPal",1604.25,148073,2695
1608,"2023-07-13 16:02:39.020025","Debit Card",2353.36,148364,8883
8713,"2023-04-02 07:08:44.560328","Debit Card",1263.24,148364,9099
7551,"2023-03-17 10:21:29.868448","PayPal",151.84,148364,5734
4157,"2023-11-23 08:47:32.69476","Debit Card",96.21,148579,9394
1725,"2023-03-28 20:58:07.360136","Credit Card",169.03,148579,3532
5935,"2023-02-06 07:44:09.862801","Credit Card",2955.3,149193,9412
3073,"2023-11-26 06:29:40.680625","Debit Card",928.62,149321,3738
5023,"2023-01-15 16:24:20.133829","PayPal",1864.17,149900,1709
5998,"2023-01-07 13:01:29.007812","PayPal",332.73,149900,9811
7143,"2023-03-05 22:58:26.139911","Credit Card",176.72,150000,6154
2776,"2023-05-19 21:56:51.88095","Debit Card",1821.06,150530,9736
6009,"2023-11-17 07:05:01.346934","Debit Card",554.32,150530,9820
5553,"2023-10-03 07:34:06.509848","Debit Card",1078.44,150612,4850
2189,"2023-05-20 06:12:36.014769","Credit Card",546.34,150612,9517
5021,"2023-07-06 08:44:35.978438","PayPal",1287.4,150612,6385
3192,"2023-04-18 18:14:03.581001","Debit Card",667.34,151648,9752
8150,"2023-09-21 00:46:55.282115","Credit Card",2425.84,151648,2204
2981,"2023-09-23 09:19:06.59195","Credit Card",766.56,151648,7172
1343,"2023-02-22 06:53:36.348054","Debit Card",2325.05,152334,5315
8265,"2023-05-26 22:36:37.260972","Credit Card",143.52,152334,6441
8774,"2023-06-06 10:42:33.751675","PayPal",335.6,152334,4739
5602,"2023-06-09 18:22:59.987546","Credit Card",1519.28,153187,4346
6635,"2023-10-02 13:06:09.810131","PayPal",936.21,153187,8488
9087,"2023-01-30 08:42:13.254147","PayPal",249.36,155685,1540
2031,"2023-03-03 08:59:31.852456","Credit Card",1009.74,155685,9542
1249,"2023-04-30 11:17:31.818287","Debit Card",298,157179,6001
3357,"2023-05-23 03:59:05.157898","Debit Card",544.96,157980,8283
8662,NA,"Credit Card",3730.59,157980,2390
2969,"2023-02-03 00:22:37.464997","Credit Card",2050.4,157980,8472
7516,"2023-10-06 01:53:24.730462","PayPal",174.01,158373,6189
4570,"2023-04-03 02:56:13.700101","Debit Card",351.04,158373,3058
2034,"2023-10-31 18:40:25.067715","PayPal",1715.02,158373,5727
5143,"2023-11-07 23:31:03.502941","Debit Card",3459.44,158619,5154
6030,"2023-05-04 13:28:18.887131","PayPal",337.86,158619,7732
2078,"2023-06-30 19:45:03.959852","Credit Card",109.44,159236,6589
7742,"2023-08-23 05:39:45.75034","Debit Card",186.93,159431,1722
2895,"2023-04-14 13:17:42.243531","Credit Card",433.12,159431,7488
6147,"2023-02-11 22:20:30.262294","Credit Card",1151.04,159431,4357
4844,"2023-05-02 04:30:54.025376","Credit Card",1414.51,160492,2444
5923,"2023-10-19 06:32:19.821102","Debit Card",1360.4,160492,1467
2311,"2023-04-29 13:38:38.21463","PayPal",1642.07,160492,2523
8033,"2023-07-31 15:56:57.500453","Credit Card",544.65,161966,6129
2819,"2023-10-07 07:29:34.973421","PayPal",1188.37,161966,2072
4261,"2023-02-22 12:50:48.372602","Credit Card",1786.59,162958,4279
6464,"2023-01-03 15:05:15.479057","Debit Card",246.2,162958,7107
4988,"2023-02-14 11:08:32.490133","Debit Card",303.43,167352,6455
3149,"2023-05-11 05:13:51.171446","Credit Card",3056.07,167352,2718
3057,"2023-01-30 11:20:08.762397","PayPal",775.9,167352,6032
2263,"2023-05-15 14:21:48.482275","Debit Card",2341.42,167852,5459
1662,"2023-08-05 03:20:21.881041","Debit Card",1630.54,167852,5949
3855,"2023-06-23 15:13:36.895147","Debit Card",1845.94,167852,3772
3576,"2023-12-01 22:48:48.022588","PayPal",1406.46,168445,6975
8961,"2023-02-25 23:05:22.074126","PayPal",1270.14,168677,5522
7574,"2023-09-20 08:01:04.502741","Debit Card",408.24,168677,1527
7827,"2023-10-21 16:23:57.377505","Debit Card",3621.78,169785,7980
8771,"2023-03-05 11:07:30.391294","Credit Card",4133.26,169785,9742
7791,"2023-06-30 09:44:05.128501","Debit Card",59.39,169785,6800
9478,"2023-06-11 17:44:35.967675","Credit Card",287.42,169986,5407
7369,"2023-06-06 23:52:08.331224","Debit Card",350.2,169986,5029
2223,"2023-02-04 05:31:01.941192","Debit Card",298.45,171638,6312
9453,"2023-08-23 12:59:26.762368","PayPal",3161.41,171638,4205
2856,"2023-09-24 14:06:46.330539","Credit Card",2301,171638,6172
5633,"2023-06-13 23:38:07.774468","PayPal",976.41,172200,9588
9196,"2023-11-22 05:35:54.609107","Credit Card",1259.16,173715,8549
5716,"2023-11-07 17:10:24.643879","PayPal",374.75,174158,8292
9867,"2023-06-25 00:06:46.565648","PayPal",1754.46,174158,9884
4075,"2023-12-01 05:45:54.27409","Debit Card",1295.15,174158,4968
1032,"2023-05-07 14:12:26.639556","Debit Card",1050.9,174681,4819
4789,"2023-07-11 06:48:14.701237","Debit Card",574.36,174950,6156
4485,"2023-04-11 03:12:30.909988","Debit Card",408.23,174950,4820
4718,"2023-11-30 22:00:07.44018","Credit Card",274.51,175486,6828
5048,"2023-05-05 17:47:27.746144","Credit Card",1298.32,175486,3182
4542,"2023-07-05 05:39:23.36919","PayPal",783.43,176965,5680
7347,"2023-11-23 14:28:49.546637","PayPal",1331.01,176965,7854
5219,"2023-02-01 07:26:57.775923","PayPal",3153.71,177929,9459
6040,"2023-05-04 03:47:46.429836","PayPal",1613.56,177929,2077
9059,"2023-11-12 11:51:17.971329","PayPal",760.69,177965,4604
5420,"2023-03-14 21:36:43.239005","PayPal",2693.29,177965,7374
5104,"2023-04-03 12:47:28.196239","Debit Card",489.86,177965,5342
4856,"2023-09-13 21:34:30.252179","PayPal",606.42,179377,1352
7439,"2023-05-28 18:56:38.529182","PayPal",1953.24,179792,6579
6843,"2023-05-31 22:35:38.416933","Credit Card",1370.22,179792,4582
2520,"2023-08-21 08:27:02.508553","Credit Card",1006.01,181275,2446
5294,"2023-07-20 07:39:31.660548","Debit Card",1306.58,181275,8326
3277,"2023-03-02 07:14:59.125265","Debit Card",744.13,181275,7770
9985,"2023-08-03 09:31:47.294121","Credit Card",3991.4,181319,7423
7627,"2023-05-07 04:06:42.074068","Credit Card",3766.56,181319,9655
1963,"2023-10-26 12:39:25.297209","PayPal",549.69,181319,3759
9473,"2023-09-17 00:38:10.113871","Credit Card",2392.62,181516,2488
7613,"2023-02-08 15:06:26.007884","Credit Card",1633.64,181516,1242
2274,"2023-05-23 00:57:56.771204","Credit Card",2868.61,181540,9373
3072,"2023-02-03 22:43:53.645951","PayPal",1513.92,181540,1221
4533,"2023-10-02 15:44:57.971103","Credit Card",386.28,182822,7856
8252,"2023-03-21 01:27:08.308857","PayPal",51.56,184071,3093
5599,"2023-09-05 22:57:07.139676","Debit Card",1886.27,184071,6898
3025,"2023-11-28 01:59:30.202931","Credit Card",1568.3,184660,5526
5786,"2023-06-01 11:58:44.636679","Debit Card",526.75,184660,2946
8960,"2023-02-01 23:10:31.8541","Credit Card",231.57,184660,9549
7116,"2023-12-17 12:44:39.253985","Credit Card",721.84,184736,3196
5727,"2023-05-03 22:25:33.517881","Debit Card",2069.13,184736,6872
2980,"2023-08-07 14:11:51.587322","PayPal",1919.32,185373,1630
8693,"2023-10-28 08:56:09.827581","Credit Card",699.05,185373,2468
8364,"2023-09-09 21:40:09.143803","Credit Card",643.19,186876,8899
3390,NA,"PayPal",4977.9,187127,7678
5537,"2023-07-15 03:43:09.178855","Credit Card",1131.2,187127,1754
4399,"2023-08-21 15:35:29.932865","PayPal",381.57,188735,2024
3208,"2023-01-31 04:07:32.227085","Credit Card",3159.2,190134,7798
9109,"2023-08-08 00:06:32.4407","PayPal",842.61,190314,8819
4796,"2023-03-01 19:48:10.005816","Credit Card",3994,190314,7319
8567,"2023-04-25 21:11:25.930458","Debit Card",235.47,190314,6840
3259,"2023-10-21 22:31:31.010571","PayPal",433.02,190414,7714
9342,"2023-11-02 16:20:22.472294","PayPal",846.35,190842,5968
4540,"2023-04-18 00:26:36.697294","Debit Card",258.16,191078,1141
5778,"2023-11-17 00:53:34.904731","Debit Card",380.49,193648,3073
2425,"2023-01-18 21:38:08.466444","Debit Card",215.4,193648,3863
4624,"2023-12-04 19:43:12.482485","Credit Card",3086.26,193648,1084
5641,"2023-05-15 20:04:10.011834","PayPal",423.71,195400,1293
8517,"2023-09-05 02:07:33.291037","Debit Card",1616.41,196721,9308
1910,"2023-06-23 10:44:10.675229","Debit Card",1217.06,196852,3079
9736,"2023-03-26 03:47:40.392813","Credit Card",3572.32,199452,5451
7096,"2023-04-14 02:10:00.402611","Credit Card",1165.86,199452,9507
1369,"2023-04-11 15:54:33.848688","PayPal",1564.15,199452,4087
2759,"2023-09-18 20:03:11.068219","Credit Card",1281.51,200481,4494
1984,"2023-08-04 04:28:51.910347","Credit Card",1905.79,200481,3535
7683,"2023-11-30 23:04:33.836911","Debit Card",1000.82,200481,2474
8001,"2023-08-09 16:24:24.250503","Debit Card",1178.19,201199,3358
5167,"2023-08-16 11:36:28.4254","Credit Card",73.42,201199,4738
3198,"2023-06-17 19:28:58.890796","PayPal",3637.62,202192,5463
4511,"2023-10-24 21:05:27.601824","Debit Card",126.6,202192,4800
1457,"2023-08-08 20:00:57.790848","Debit Card",261.72,202872,2375
8743,"2023-04-05 13:11:47.616245","Debit Card",887.24,203513,1373
3270,"2023-10-08 15:18:32.563609","Debit Card",3519.76,203513,7865
8959,"2023-08-24 01:13:46.226002","Debit Card",2738.16,203513,1185
1416,"2023-12-06 04:03:39.632571","PayPal",247.57,204452,5660
2540,"2023-11-05 06:47:16.865039","PayPal",1407.24,205809,9800
7190,"2023-02-26 09:29:21.329091","Credit Card",730.43,205809,1046
3569,"2023-09-08 17:50:52.455494","Credit Card",869.63,208501,4745
3482,"2023-06-04 15:58:26.738191","PayPal",1734.25,208501,5100
6090,NA,"Credit Card",1082.94,208515,7096
9451,"2023-11-21 16:36:03.666625","Debit Card",3304.91,208515,8875
2673,"2023-06-17 18:01:16.226644","Credit Card",4710.5,208515,3546
1856,"2023-08-01 16:30:18.532086","Credit Card",2819.28,208638,1643
6441,"2023-04-08 15:55:17.616203","Debit Card",277.88,208638,2522
7592,"2023-10-01 13:29:25.550841","PayPal",345.12,208638,9151
7980,"2023-03-24 14:49:09.332397","Credit Card",305.22,208755,5023
8250,"2023-01-19 02:31:05.415926","Debit Card",3389.41,208755,5385
3188,"2023-02-04 13:45:12.831561","Debit Card",1980.98,208755,4330
4687,"2023-08-30 05:00:17.902632","Credit Card",2729.93,211370,3146
6497,"2023-11-19 22:51:33.353657","Debit Card",1239.92,211370,4130
2088,"2023-04-30 21:09:08.983625","PayPal",373.77,211370,4469
5691,"2023-05-12 07:18:25.508917","Credit Card",1069.88,211637,1251
2735,"2023-11-21 23:12:21.168977","PayPal",2537.52,211637,5747
5254,"2023-09-20 12:47:10.04158","Credit Card",3705.21,211637,5655
5180,"2023-06-17 20:56:05.279829","PayPal",907.08,211812,1336
4719,"2023-03-31 17:00:28.171054","PayPal",2398.32,211812,7684
8628,"2023-08-04 03:46:52.679695","PayPal",858.66,211812,2766
6665,"2023-09-20 08:41:40.852874","PayPal",1165.27,212520,2350
5999,"2023-08-17 03:27:27.90118","Debit Card",1949.74,212520,2295
1170,"2023-11-09 22:48:52.766437","PayPal",1699.7,212578,1743
2114,"2023-10-08 17:23:04.550098","Credit Card",153.16,214294,5750
4997,"2023-03-04 13:26:39.859082","Credit Card",410,214294,8838
6727,"2023-09-10 23:49:06.481155","Debit Card",2769.99,214294,8599
4551,"2023-06-24 13:26:50.421085","Credit Card",376.05,214550,9814
9440,"2023-07-17 06:02:38.942791","Debit Card",802.83,214550,8478
3260,"2023-06-28 16:02:37.246006","PayPal",1371.28,214550,6722
8476,"2023-05-30 09:13:10.054697","Debit Card",1361.05,217045,3514
1564,"2023-06-11 17:01:06.0591","PayPal",604.62,217654,6376
2490,"2023-10-12 13:56:53.422309","Debit Card",103.23,217654,5624
2648,"2023-02-02 10:31:39.529555","Credit Card",2644.47,217654,2570
8082,"2023-02-05 04:06:46.002492","Credit Card",255.03,220744,8585
6802,"2023-04-26 17:33:54.601772","PayPal",3028.48,220744,6009
8072,"2023-04-12 05:03:14.206725","Debit Card",461.51,221369,7632
9779,"2023-03-22 14:50:43.446008","Debit Card",546.48,221369,9183
9491,"2023-07-13 07:50:12.851357","Debit Card",2155.89,221369,9626
4923,"2023-02-21 13:03:52.243145","Debit Card",1616.29,222344,5640
7283,"2023-11-21 13:14:25.711807","Debit Card",1734.88,222344,4385
5976,"2023-07-15 10:40:14.639957","Credit Card",233.97,222344,1732
8550,"2023-03-22 06:33:56.647231","Debit Card",1692.22,223077,2398
2698,"2023-09-08 05:31:50.432017","Credit Card",1427.51,223077,6249
7736,"2023-05-17 09:33:27.665171","Credit Card",2702.65,223104,5716
4143,"2023-08-02 03:31:09.043131","Credit Card",1364.95,226707,5674
6904,"2023-09-19 14:04:23.172052","Credit Card",533.41,226707,4383
3440,"2023-06-30 11:38:12.15646","Credit Card",2525.47,227550,7680
7303,"2023-02-15 06:32:01.435987","Debit Card",343.25,227550,4247
6424,NA,"PayPal",236.16,227550,6543
2087,"2023-10-28 11:04:42.694819","PayPal",3100.9,228856,6359
6256,"2023-02-18 19:38:02.554132","Debit Card",56.98,228856,3018
5106,"2023-03-10 21:17:20.10667","Credit Card",1136.94,228991,1866
4290,"2023-08-17 07:50:17.591706","Debit Card",595.4,228991,5123
1167,"2023-10-07 13:08:58.436595","Debit Card",2145.75,228991,1256
5025,"2023-09-25 23:19:43.138215","Debit Card",1411.46,229641,8215
3453,"2023-10-08 20:43:17.876568","PayPal",1579.84,231755,5491
4700,"2023-06-04 06:38:34.927174","Credit Card",629.34,231755,9725
2639,"2023-08-09 05:34:38.522515","Credit Card",230.05,231879,5144
7961,"2023-01-27 21:00:30.464168","Credit Card",89.6,231879,3069
7635,"2023-02-05 08:57:39.505147","PayPal",2200.42,231879,3086
4654,"2023-05-02 14:03:34.525605","Debit Card",3546.82,235292,2597
9808,"2023-11-15 09:07:30.179715","Credit Card",1717.69,235292,5953
2847,"2023-07-08 04:30:22.034743","PayPal",2632.03,235782,7241
4242,"2023-04-29 02:42:43.343141","Credit Card",2795.59,235782,1660
7968,"2023-07-12 01:52:13.460259","Credit Card",331.8,237925,3260
8841,"2023-08-20 11:45:58.67805","Credit Card",1563.3,237925,9524
1260,"2023-02-01 10:02:24.647663","Debit Card",2076.18,238561,1108
4339,"2023-03-09 15:10:24.659074","Debit Card",356.76,238561,1595
6336,"2023-01-16 18:07:08.572469","Debit Card",115.94,238561,1898
7229,"2023-02-21 08:15:32.34905","PayPal",417.77,241992,7550
2314,"2023-02-25 11:34:33.835536","PayPal",221.73,246207,1549
4337,"2023-07-30 13:02:20.288302","PayPal",1682.11,246543,3965
7026,"2023-06-20 01:03:36.622509","PayPal",1626.83,246543,8509
9930,"2023-05-20 11:14:15.928664","Debit Card",575.64,246543,9580
4025,"2023-10-18 16:10:25.928316","Debit Card",899.73,246810,5068
4774,"2023-12-14 13:51:57.989733","Credit Card",405.43,247064,8675
6252,"2023-09-03 23:18:16.105997","PayPal",1559.04,247064,2989
5865,"2023-05-19 13:41:28.413043","Credit Card",169.38,247738,4057
8896,"2023-12-08 02:20:59.815409","Debit Card",1816.32,248268,3333
9618,"2023-11-08 07:04:44.502648","PayPal",852.09,248268,5969
5561,"2023-10-08 11:34:53.984713","Debit Card",468.16,248268,3667
1512,"2023-11-26 01:16:47.482452","PayPal",1162.5,248740,8067
2621,NA,"Debit Card",2412.36,248740,1022
5720,"2023-12-04 02:26:36.935669","Debit Card",1416.2,248740,5656
2125,"2023-02-23 19:45:37.025958","PayPal",24.84,249104,6488
6841,"2023-04-08 03:39:35.906023","Credit Card",3129.3,249104,3456
8441,"2023-08-03 01:48:27.897189","PayPal",82.95,250256,9091
4283,"2023-08-04 17:25:03.266774","Credit Card",1118.28,250256,6961
8114,"2023-09-10 09:56:30.00531","Credit Card",2961.12,250804,4314
9841,"2023-06-15 03:17:39.694815","Credit Card",1419.68,252609,8214
8203,"2023-08-06 09:14:39.866722","Credit Card",441.83,252609,6036
6875,"2023-12-10 12:29:24.535289","Debit Card",414.15,252609,8397
3314,"2023-10-28 10:09:38.458527","PayPal",1015.65,253549,5052
7875,"2023-03-29 14:40:00.30182","PayPal",206.64,253858,2038
5011,"2023-11-15 23:24:25.4257","Debit Card",238,253858,3506
3170,"2023-06-08 02:21:06.568943","Debit Card",848.27,253916,6372
4916,"2023-11-15 06:52:36.99734","Debit Card",91.71,253916,5496
3055,"2023-08-07 12:58:40.607337","Credit Card",4034.08,254507,6089
7241,"2023-09-02 09:53:49.955826","Debit Card",3571.43,254507,8021
2522,"2023-08-29 14:51:31.084957","Debit Card",1470.52,254507,4295
3804,"2023-01-11 14:39:49.843579","Debit Card",263.03,254700,4656
9840,"2023-06-18 12:23:33.033414","PayPal",2704.28,255725,2758
5399,"2023-02-16 17:04:51.897867","PayPal",283.61,255885,1158
4749,"2023-12-18 08:55:02.328249","PayPal",697.16,255885,4229
3249,"2023-10-18 14:56:35.789198","Debit Card",389.71,255885,2761
9190,"2023-03-22 11:14:48.790425","Debit Card",512.24,256624,8650
5784,"2023-08-06 03:54:23.600162","Credit Card",1003.94,256624,6884
2231,"2023-08-21 20:19:41.873285","PayPal",3288.29,256624,4860
7688,"2023-10-21 15:54:03.403912","Debit Card",1608.68,256658,9863
5045,"2023-01-16 16:59:36.883563","Debit Card",2394.4,256658,2646
8665,"2023-05-09 06:15:14.565146","PayPal",191.33,256658,7153
3111,"2023-10-27 17:52:03.186413","PayPal",942.55,259275,4003
3264,"2023-02-06 20:18:23.062387","Credit Card",821.9,259280,7447
6748,"2023-01-27 06:42:40.303715","Debit Card",94.89,259280,3578
2266,"2023-02-09 15:31:31.186704","PayPal",140.58,259280,1152
1905,"2023-09-03 15:55:34.035527","Debit Card",1947.4,259667,3432
7396,"2023-05-19 17:00:31.748302","Debit Card",197.18,259667,1800
9221,"2023-04-15 04:59:46.564198","Debit Card",1468.94,259667,7716
1889,"2023-02-22 10:45:33.971981","Debit Card",342.57,260223,4622
4141,"2023-03-18 17:45:36.214804","Debit Card",1241.35,260223,5606
7337,"2023-07-17 13:10:22.786892","Debit Card",2307.26,260223,2722
5184,"2023-12-04 20:44:57.0397","PayPal",103.99,260371,8483
2098,"2023-05-20 08:55:56.486998","Debit Card",4447.71,261565,9484
6154,"2023-04-21 01:13:35.243543","Credit Card",1875.83,261565,1833
1492,"2023-06-12 15:23:12.366376","PayPal",2137.18,261565,2339
7230,"2023-07-05 07:55:11.982948","PayPal",861.66,262616,6024
7058,"2023-11-03 19:05:18.151047","PayPal",126.08,262817,1818
5919,"2023-06-11 13:21:05.315694","Credit Card",52.63,263817,3789
2594,"2023-10-18 20:15:13.032961","PayPal",816.14,263817,4401
1334,"2023-02-03 18:52:29.733489","Debit Card",95.04,263904,2762
5363,"2023-10-18 03:49:17.635517","Debit Card",2217.98,263904,3254
4754,"2023-02-21 09:17:37.149366","Debit Card",1000.06,265204,8034
4248,"2023-10-22 03:34:20.995258","PayPal",243.86,268734,5252
1307,"2023-10-19 13:42:37.485954","Credit Card",974.38,268734,1155
7692,"2023-04-15 00:53:25.147351","Credit Card",4110.84,269111,4492
3310,"2023-11-05 20:18:15.102744","Credit Card",1237.43,269215,5469
4924,"2023-07-13 02:29:21.711681","Debit Card",419.29,269215,2418
3171,"2023-09-15 21:48:06.94618","PayPal",312.91,269273,3504
9611,"2023-04-25 23:41:07.765023","Credit Card",210.62,269273,5599
8120,"2023-03-29 10:05:58.414719","PayPal",404.28,270930,9997
6772,"2023-05-08 07:40:58.659674","Debit Card",517.92,270930,1013
2925,"2023-10-28 00:46:12.558568","Debit Card",2075.73,271747,2600
4330,"2023-09-28 14:31:34.75598","Debit Card",37.85,271747,7497
1414,"2023-07-27 23:49:40.074435","Credit Card",1396.07,271747,8794
3602,"2023-06-20 04:30:05.039703","Debit Card",1306.01,271948,1993
3530,"2023-02-15 14:12:08.518431","PayPal",605,271948,3795
1546,"2023-09-11 12:21:41.426616","Debit Card",1578.16,272444,2176
4200,"2023-10-23 03:21:45.452585","PayPal",656.15,272444,6395
1794,"2023-11-13 16:34:46.344414","Debit Card",371.22,272679,7396
6063,"2023-06-13 15:01:58.623376","PayPal",3660.84,272679,1751
3320,"2023-10-18 21:57:22.746042","PayPal",320.13,272679,4324
3216,"2023-07-27 18:56:40.033258","Credit Card",239.25,273696,2099
2447,"2023-07-16 02:29:26.871178","Credit Card",1040.99,274647,9794
3579,"2023-04-15 08:28:15.863497","PayPal",1589.77,274647,6553
7451,"2023-10-23 20:14:20.79283","PayPal",152.53,274647,2213
7443,"2023-12-01 12:49:02.051694","Credit Card",788.75,275182,3536
1763,"2023-05-10 03:32:05.016273","Debit Card",684.3,276035,8457
2073,"2023-06-08 11:24:43.249361","PayPal",734.65,276381,8527
1613,"2023-08-16 18:10:31.469458","Debit Card",231.15,276381,5117
8765,"2023-09-17 10:29:14.876729","Debit Card",359.91,276381,5630
2864,"2023-03-03 23:42:36.865425","Debit Card",405.76,278734,4731
2262,"2023-07-07 10:05:11.638328","Credit Card",31.2,278734,7426
2900,"2023-10-22 14:14:19.064435","PayPal",3255.6,279504,1468
1395,"2023-04-20 21:29:47.782719","PayPal",1651.41,279504,5341
1980,"2023-03-30 19:44:36.036769","Credit Card",493.56,279504,8946
1855,"2023-08-22 12:37:46.490603","Debit Card",1453.65,280433,3278
4431,"2023-09-03 13:11:52.448023","Credit Card",3396,281540,4748
6103,"2023-03-20 15:39:10.078482","Debit Card",408.75,281540,7591
3433,"2023-11-06 23:57:18.05978","PayPal",2029.6,282015,2725
6599,"2023-09-10 09:42:40.560523","PayPal",2260.62,282015,3708
2292,"2023-03-21 01:04:53.67709","PayPal",3778.33,282015,8101
1728,"2023-10-07 07:45:12.138545","Credit Card",742.62,283104,8182
4787,"2023-05-18 17:00:29.451795","Debit Card",325.38,284561,1908
3997,"2023-01-27 16:11:12.181937","Debit Card",3348.37,284613,3904
2234,"2023-02-05 18:30:21.231602","Debit Card",875.86,286042,2270
5059,"2023-08-23 11:33:58.647596","Debit Card",30.81,286042,5820
2932,"2023-06-03 19:16:19.074197","PayPal",1379.44,286042,9093
7100,"2023-07-12 04:47:14.174897","Credit Card",874.84,286192,7523
4264,"2023-04-13 01:56:55.834486","Credit Card",1313.89,286192,5387
1524,"2023-10-03 03:32:43.847023","Debit Card",217.69,288739,4487
6625,"2023-09-16 23:30:31.047656","Debit Card",531.18,290189,2830
9669,"2023-10-07 22:18:57.340589","PayPal",529.65,290189,5966
5692,"2023-02-11 10:48:39.402156","Debit Card",1453.06,290189,3193
8866,"2023-02-18 19:27:21.84785","PayPal",682.36,290341,6443
8445,"2023-03-08 08:49:14.091373","Debit Card",155.75,290889,6105
5112,"2023-07-16 23:35:43.913148","Debit Card",3224.3,292332,6183
4955,"2023-12-01 06:27:37.2167","Debit Card",302.9,292332,6147
5870,"2023-01-20 17:03:59.648562","PayPal",3263.53,292332,2648
4829,"2023-03-06 02:01:53.219818","PayPal",523.78,292979,5848
6484,"2023-11-01 14:22:34.76424","PayPal",418.58,292979,4294
5776,"2023-05-16 19:31:04.533627","Debit Card",2372.88,294078,4691
1394,"2023-09-05 19:24:55.321447","Debit Card",473.36,294078,2504
5546,"2023-07-22 01:12:32.975967","Credit Card",867.27,294078,9471
9512,"2023-05-27 20:53:51.355832","Credit Card",1230.72,294145,7206
5373,"2023-05-17 10:40:29.787632","Credit Card",1427.51,294145,6319
9367,"2023-12-09 12:50:46.631433","PayPal",1032.64,294145,7985
6746,"2023-04-10 08:59:55.661359","PayPal",238.97,295564,3998
1841,"2023-01-31 02:33:35.085784","Debit Card",491.78,295656,9427
7856,"2023-11-29 03:57:57.446175","Credit Card",199.43,296702,2238
9920,"2023-03-01 07:54:25.139508","Debit Card",2216.92,296702,9928
4732,"2023-04-08 12:40:52.122065","Credit Card",751.85,296702,5508
7661,"2023-10-13 10:40:02.586653","PayPal",677.88,299122,7857
3992,"2023-11-05 08:42:40.671881","Debit Card",827.64,299122,8632
8983,"2023-12-06 20:40:49.643395","Credit Card",597.47,304594,5287
1015,"2023-07-03 07:41:35.290636","PayPal",222.54,305425,2481
7699,"2023-06-06 01:29:49.928802","PayPal",3490.6,305425,9954
9965,"2023-10-28 23:47:16.793236","Debit Card",296.63,305425,8291
9199,"2023-08-22 16:10:24.605792","Debit Card",1712.71,305646,8394
5625,"2023-02-04 07:44:08.547198","PayPal",300.26,305646,9006
4418,"2023-07-01 23:10:51.025108","PayPal",405.17,305646,8093
8708,"2023-02-20 11:53:09.309108","PayPal",848.46,306960,6656
7724,"2023-01-12 00:13:00.428135","Credit Card",1300.89,306960,8299
9964,"2023-09-01 22:38:04.049376","Debit Card",2351.72,307284,7707
2242,"2023-08-13 18:19:52.992986","PayPal",962.3,307284,7839
9588,"2023-03-10 08:05:23.040144","Credit Card",3828.95,307396,6801
7630,"2023-06-13 22:02:42.942997","PayPal",1416.56,307683,4495
8111,"2023-11-28 03:41:10.185857","PayPal",1236.62,307683,3377
2068,"2023-04-07 14:49:42.920668","Debit Card",443.11,307683,8853
1835,"2023-11-29 17:33:48.221823","Credit Card",485.64,307862,8832
5053,"2023-09-10 14:24:56.869384","PayPal",2964.64,309341,9072
4634,"2023-02-15 06:10:12.166766","PayPal",1943.5,309341,7430
1272,"2023-01-29 00:55:35.241274","Debit Card",994.19,310031,3777
2448,"2023-04-09 02:59:57.675792","Debit Card",3258.54,310100,6144
2601,"2023-11-22 23:00:15.15493","Debit Card",1654.38,311491,9894
9252,"2023-05-12 19:47:36.06802","Debit Card",1898.21,311687,7848
3886,"2023-04-27 17:27:39.732672","Credit Card",910.69,312400,8872
8916,"2023-07-26 12:16:52.855581","Debit Card",165.73,312623,1924
6286,"2023-04-02 06:20:03.854887","PayPal",151.79,312623,4442
6809,"2023-08-11 23:48:06.487616","Debit Card",105.07,312623,3803
9553,"2023-08-28 07:33:17.09706","PayPal",794.34,313359,6490
5542,"2023-08-02 09:31:54.324579","Credit Card",1403.99,313359,1723
9035,"2023-11-22 23:17:46.060133","Debit Card",852.74,315005,7827
6570,"2023-09-25 08:48:01.122849","Debit Card",858.27,315005,6811
3496,"2023-06-26 10:11:34.152367","PayPal",3965.4,315005,7436
7093,"2023-02-15 01:22:05.112674","PayPal",577.3,317403,7789
2057,"2023-05-04 13:14:49.816242","Debit Card",961.12,317403,6445
9011,"2023-02-24 08:49:17.668883","Credit Card",3268.21,317403,3473
2711,"2023-10-28 14:00:46.38222","Debit Card",2961.72,317439,6626
7989,"2023-03-18 21:36:39.039752","Debit Card",353.27,317439,2745
3084,"2023-01-12 16:49:46.377975","Credit Card",355,317828,1507
6391,"2023-08-11 18:49:04.278679","Credit Card",653.52,318269,4791
7123,"2023-09-19 23:41:59.616985","Debit Card",739.05,318269,1082
2408,"2023-04-11 04:20:42.276411","Credit Card",1764.05,318269,9604
9069,"2023-04-22 12:00:16.146302","PayPal",2182.87,318825,4781
8582,"2023-05-12 13:08:51.757975","PayPal",609.48,318825,2907
7111,"2023-03-26 12:19:20.90519","Debit Card",724.85,319112,7689
3139,"2023-06-09 18:39:43.814791","Debit Card",680.13,319957,7611
7448,"2023-10-08 21:06:57.246218","Debit Card",762.96,319957,7967
8737,"2023-07-11 10:06:29.317931","Credit Card",318.01,321844,6592
1455,"2023-09-20 04:08:09.021977","Debit Card",1448.91,321844,7331
4661,"2023-10-08 23:54:57.63614","Credit Card",2057.85,321844,6339
4321,"2023-08-25 03:07:24.39242","Credit Card",892.92,321962,7805
8956,"2023-07-28 00:58:47.87322","PayPal",1302.45,321962,3489
1718,"2023-04-05 20:01:50.751917","PayPal",1815.62,323970,9771
3017,NA,"Credit Card",914.13,323970,6619
4239,"2023-03-27 23:46:56.35593","PayPal",1593.8,324140,7916
8877,"2023-05-07 07:52:55.702335","PayPal",1970.72,324140,8391
1951,"2023-02-08 07:22:59.287657","PayPal",253.96,326258,1165
7897,"2023-07-01 05:21:16.876109","Credit Card",136.16,326258,7006
7463,"2023-07-15 12:51:44.830313","PayPal",3655.52,327783,9874
7914,"2023-01-21 09:46:06.760692","Credit Card",758.46,327783,9762
9118,"2023-06-06 17:21:24.270798","Debit Card",198.87,327783,3646
6738,"2023-05-14 00:09:33.311777","Debit Card",457.77,328718,6113
2999,"2023-08-12 12:45:55.072001","Credit Card",818.72,330938,8842
7540,"2023-01-27 23:19:57.361433","Debit Card",85.01,331119,6653
3351,"2023-09-19 16:19:57.522922","PayPal",1966.31,331119,3299
3430,"2023-02-20 13:04:23.385844","Credit Card",650.72,332324,2757
3826,"2023-02-23 05:18:53.140598","Credit Card",432.95,332324,6624
6473,"2023-05-24 08:19:22.132012","Debit Card",99.6,333798,1539
4247,"2023-06-22 03:57:33.629447","PayPal",1300.88,333798,5091
9700,"2023-03-13 23:16:41.657022","Debit Card",774.97,339212,3074
7217,"2023-10-25 20:58:26.080091","Credit Card",648.92,339928,6938
9369,"2023-05-02 09:50:15.000806","Credit Card",41.92,340872,3658
4194,"2023-08-04 15:32:49.517923","Credit Card",228.24,340872,6027
4671,"2023-11-09 21:59:04.877876","PayPal",573.27,340872,2136
1415,"2023-09-11 05:44:30.525903","Debit Card",3677.72,342857,9691
9269,"2023-05-27 04:30:41.867687","Credit Card",896.13,344950,8806
5107,"2023-10-07 19:03:09.058406","PayPal",2090.66,345090,6457
4556,"2023-04-20 15:49:46.266502","Credit Card",1803.62,345090,6572
4222,"2023-11-13 01:20:24.105055","Credit Card",1692.73,345090,6506
6961,"2023-10-29 11:11:44.320776","PayPal",221.15,345914,6098
8134,"2023-02-21 07:23:13.093054","PayPal",3614.71,345914,3528
4003,"2023-05-05 10:20:20.925631","Credit Card",2157.74,345914,6515
3764,"2023-04-06 16:05:21.668188","PayPal",430.55,348238,2949
2152,"2023-06-01 23:20:25.059452","PayPal",106.73,350494,6179
2239,"2023-10-17 10:44:03.604034","PayPal",128.55,350541,9926
2921,"2023-05-14 06:13:12.106144","PayPal",1131.79,352909,1437
3547,"2023-05-28 09:38:52.936612","Debit Card",2168.09,352909,6170
7243,"2023-09-06 07:10:55.414154","Credit Card",2835.24,352909,1136
5396,"2023-02-27 22:26:20.512355","Debit Card",2899.39,353874,1588
6294,"2023-09-12 05:43:26.198028","Debit Card",239.34,354012,2222
2000,"2023-12-16 09:06:55.27055","Credit Card",447.4,354012,9258
8266,"2023-02-24 00:39:50.194217","Debit Card",1401.3,355696,2224
5932,"2023-02-21 01:15:24.335267","Debit Card",4317.37,355696,4354
6465,"2023-10-25 07:38:31.499559","PayPal",635.89,355696,5856
9189,"2023-11-18 10:15:06.32255","Debit Card",3869.46,355763,8023
2003,"2023-03-31 04:46:57.964505","Credit Card",661.55,355763,5220
1790,"2023-03-08 13:28:08.436775","Credit Card",426.44,355763,5879
5206,"2023-07-18 19:18:35.278085","Credit Card",1257.7,356198,2341
3153,"2023-11-15 23:00:46.792417","Debit Card",2329.92,356198,5930
5135,"2023-04-17 00:11:55.03547","Credit Card",3530.89,356198,5081
9484,"2023-09-10 07:33:00.382224","PayPal",763.49,357586,2506
7397,"2023-05-28 15:42:27.108755","PayPal",525.62,357586,9677
7402,"2023-02-27 10:57:32.893771","Debit Card",1154.65,357586,2960
3283,"2023-06-05 19:49:06.460589","Credit Card",1464.22,357737,4376
8368,"2023-07-05 12:37:10.422744","PayPal",55.83,357737,8003
1107,"2023-05-28 10:45:04.093165","Debit Card",221.65,357737,2441
8257,"2023-03-29 02:53:30.952764","PayPal",864.2,357922,1717
3822,"2023-08-14 22:03:47.733252","Credit Card",1362.3,358498,6750
5452,"2023-06-19 03:31:18.764543","Debit Card",977.93,358498,1479
9551,"2023-08-10 01:25:26.22126","PayPal",531.01,358498,5087
1443,"2023-12-13 08:01:44.105604","Credit Card",147.36,362396,7990
2373,"2023-05-02 20:37:09.139763","Credit Card",3103,362396,5223
1843,"2023-12-07 02:10:54.187292","PayPal",2975.36,362396,7639
8271,"2023-11-04 00:32:37.868962","PayPal",1681.65,363170,5362
9017,"2023-09-06 19:25:15.568109","Debit Card",1492.68,364222,1384
5693,"2023-06-04 16:10:01.061985","Debit Card",2534.4,364222,6003
6895,"2023-08-30 06:12:45.509547","Credit Card",1461.19,366292,9111
8942,"2023-10-25 08:20:48.300022","Credit Card",1997.46,366292,6121
2137,"2023-03-20 17:58:31.98193","Credit Card",260.98,366292,9375
2389,"2023-06-01 21:48:31.982455","PayPal",50.61,366342,3915
9610,"2023-04-02 03:08:33.688644","Credit Card",3151.9,366342,3969
8356,"2023-02-05 14:56:49.41598","Credit Card",619.2,366342,3758
4509,"2023-09-05 06:10:23.573825","Credit Card",3183.82,367457,8080
8234,"2023-03-13 07:03:10.109255","PayPal",1092.97,367457,8793
3290,"2023-11-25 20:21:22.473041","Credit Card",1242.23,369131,5817
8390,"2023-10-18 14:35:34.845747","Credit Card",135.32,369131,8901
5864,"2023-05-19 15:37:33.841929","PayPal",506.73,369131,2730
3059,"2023-09-08 22:29:54.019626","Debit Card",692.97,369534,9142
7284,"2023-02-10 23:00:12.867978","PayPal",1873.4,369625,6482
7490,"2023-04-15 08:26:25.647317","PayPal",3116.48,370020,8241
4569,"2023-08-01 15:23:33.763464","Debit Card",232.46,370020,5227
8825,"2023-08-13 18:36:23.494252","PayPal",2497.4,370020,1724
8898,"2023-10-30 18:18:39.282724","Debit Card",1581.75,370208,6529
7900,"2023-08-22 18:11:27.973416","Debit Card",1778.97,372070,6354
3526,"2023-11-25 09:58:08.80415","Debit Card",658.88,373693,3930
4164,"2023-06-08 06:35:11.250568","Credit Card",3765.51,373693,6587
8365,"2023-09-09 09:52:45.276917","PayPal",2352.54,373693,7438
4423,"2023-12-09 17:39:07.710534","Credit Card",3399.4,373727,1877
3521,"2023-07-08 13:11:12.510863","Debit Card",2501.84,373727,4331
1245,"2023-11-30 16:55:06.482152","Debit Card",923.22,373727,4220
9372,"2023-11-28 15:21:22.980186","Credit Card",756.1,374134,8096
1028,"2023-02-20 08:19:24.35954","Credit Card",1289.34,374134,2576
8803,"2023-12-05 14:29:32.497762","Debit Card",1582.7,376486,7168
5808,"2023-01-24 02:13:43.86543","Debit Card",3146.06,376486,9662
2641,"2023-04-11 16:46:15.423154","Credit Card",598.16,376486,3566
4771,"2023-11-24 19:06:24.802888","Debit Card",583.32,376937,6337
8912,"2023-05-17 11:44:13.684875","Debit Card",376.1,376937,6550
9948,"2023-06-22 11:15:08.561591","Credit Card",465.23,377270,3901
3329,"2023-01-25 06:33:15.024122","Credit Card",1628.92,377270,1151
5563,"2023-08-18 07:04:50.966383","Debit Card",2166,379387,6759
6941,"2023-06-23 04:01:33.491131","Credit Card",1001.98,379387,4328
3060,"2023-02-09 00:46:35.33696","PayPal",2284.32,379482,5907
6553,"2023-02-21 10:44:35.637596","PayPal",120.21,379482,6458
2842,"2023-10-15 19:33:01.201894","Debit Card",45.41,380359,5105
2403,"2023-02-10 20:31:00.523215","PayPal",566.64,380359,2651
2452,"2023-10-05 14:30:07.048349","PayPal",3217.74,380359,5785
1246,"2023-02-07 11:53:40.257159","Debit Card",2608.02,382107,3225
1547,"2023-04-01 10:22:27.789477","PayPal",3058.08,382107,1875
4402,"2023-02-27 03:21:12.276664","Credit Card",1378.89,385453,9825
3523,"2023-06-28 02:50:09.733035","PayPal",3390.25,385453,7029
4656,"2023-05-27 23:38:08.865671","PayPal",109.8,385453,3383
5287,"2023-09-17 01:39:26.816982","Credit Card",131.8,387962,5477
4319,"2023-04-24 10:57:54.123227","Credit Card",1289.95,388559,2543
1916,"2023-11-02 16:27:02.931256","Debit Card",2503.1,389637,7150
4620,"2023-03-03 02:46:24.107564","Credit Card",206.49,389674,1282
6234,"2023-06-28 15:26:19.791833","Credit Card",3718.4,389674,8719
1814,"2023-08-25 07:15:24.769885","Credit Card",4324.41,389674,4226
6300,"2023-08-15 19:20:30.378447","PayPal",398.2,390821,1941
9749,"2023-08-14 01:19:52.22108","Debit Card",90.48,390821,2739
3109,"2023-04-09 02:23:20.27387","Credit Card",2619.38,390888,4554
1318,"2023-12-01 08:08:06.637205","Credit Card",1364.09,390888,8271
3546,"2023-08-27 09:06:35.612821","PayPal",915.23,391215,6308
8014,"2023-09-09 01:16:30.18325","Debit Card",767.32,391215,7394
5757,"2023-10-28 15:08:27.665925","Credit Card",402.6,391404,5221
2101,"2023-10-01 15:44:56.224181","PayPal",631.68,391404,2822
7108,"2023-03-28 05:42:38.757549","Credit Card",3614.64,392546,8462
8546,"2023-06-15 23:04:12.542699","PayPal",1161.81,392546,2164
2749,"2023-06-22 22:34:25.072129","Debit Card",255.24,392546,4969
8646,"2023-09-04 01:58:54.780955","Credit Card",2251.98,393303,4685
7189,"2023-05-08 04:39:49.232632","PayPal",668.43,393303,5988
5595,"2023-09-24 16:28:50.46471","Debit Card",2371.34,395324,9057
4982,"2023-11-03 08:12:00.379972","Credit Card",918.69,395324,5828
7228,"2023-01-24 03:15:42.310499","PayPal",452.2,395324,3956
7024,"2023-03-16 19:09:40.905426","Debit Card",3215.27,395938,5760
1952,"2023-04-15 21:55:35.816547","Debit Card",1602.17,395938,1303
9111,"2023-06-28 20:45:00.642939","Credit Card",3901.11,395938,4765
8416,"2023-09-25 03:05:17.177338","Debit Card",666.33,396410,4447
9347,"2023-03-17 13:50:51.785164","PayPal",1156.19,396410,9506
1733,"2023-09-04 10:01:21.206446","Credit Card",531.96,396448,5769
1624,"2023-06-16 12:19:20.311811","PayPal",977.07,396448,9319
9773,"2023-04-23 02:16:11.359701","PayPal",2691.66,396448,5449
1184,"2023-05-18 09:49:00.05951","PayPal",1115.58,396814,8542
4022,"2023-03-23 10:59:26.810312","Debit Card",271.08,396814,2447
9864,"2023-09-16 18:17:17.901914","Debit Card",519.63,396820,8705
6105,"2023-03-08 03:33:37.30841","Debit Card",292.49,398025,4689
5046,"2023-12-06 22:52:58.783368","PayPal",1210.95,398025,8619
9976,"2023-02-11 23:28:38.37981","PayPal",590.98,399060,9387
4801,"2023-05-25 01:48:40.960305","Credit Card",1563.28,399436,5544
4175,"2023-07-23 20:57:33.441672","PayPal",3872.72,399436,1749
9764,"2023-09-21 23:41:48.237284","Debit Card",1771.27,399436,2195
3721,"2023-01-19 01:58:37.353791","PayPal",1516.33,399900,5483
3463,"2023-09-17 07:31:31.428895","Debit Card",2761.16,399900,9341
8010,"2023-02-14 15:35:27.045494","Debit Card",2920.45,399900,8440
9268,"2023-10-30 18:41:48.268753","PayPal",1099.62,400834,7702
4206,"2023-01-19 19:26:06.576301","PayPal",23.86,400834,1538
4477,"2023-09-05 00:52:13.631263","Debit Card",145.01,400834,8579
2913,"2023-05-29 16:56:01.610118","Credit Card",1902.5,400854,1936
8845,"2023-03-11 14:38:06.443174","Debit Card",1132.12,400950,2731
7665,"2023-07-09 12:43:58.258613","PayPal",733.68,401253,1477
2613,"2023-07-12 17:50:11.876998","Debit Card",976.72,401253,6461
5955,"2023-03-25 15:10:01.323594","Credit Card",2231.55,401253,1009
5094,"2023-11-17 07:24:53.68418","PayPal",126.41,401845,3002
2001,"2023-07-02 16:04:45.611654","PayPal",1144.62,401845,2112
7927,"2023-06-19 16:16:49.210887","Debit Card",104.16,403101,7476
9650,"2023-07-28 05:26:30.820997","Debit Card",3573.1,403101,9622
8814,"2023-11-06 00:09:05.250935","Credit Card",375.38,403101,7215
2020,NA,"PayPal",356.67,403111,8764
4098,"2023-02-13 19:32:11.928876","Credit Card",1744.01,405119,9157
7539,"2023-03-19 14:36:57.522325","PayPal",862.11,406052,2963
9513,"2023-08-05 12:49:43.839177","PayPal",1738.76,406662,8723
3092,"2023-11-17 23:56:15.287781","Debit Card",2063.07,407671,7190
5176,"2023-09-17 21:49:27.294587","Credit Card",3810.82,407801,3087
1269,"2023-01-31 06:10:17.832658","PayPal",661.48,408249,4511
7233,"2023-01-05 16:25:49.413309","Debit Card",2651.62,408249,4075
9073,"2023-10-16 17:45:21.875332","PayPal",1963.14,408249,4217
1148,"2023-08-20 07:49:21.795509","Debit Card",2426.08,410004,2599
6812,"2023-10-06 02:46:19.588296","PayPal",387.63,410004,6280
5991,"2023-07-29 00:36:54.86972","PayPal",143.2,410004,3275
7322,"2023-02-03 19:38:29.714596","PayPal",2653.73,410857,9109
2811,"2023-08-28 06:39:40.229053","PayPal",955.04,410958,9652
6357,"2023-05-25 03:53:56.743679","PayPal",340.47,410958,5058
7239,"2023-06-24 06:11:18.434904","PayPal",1442.1,411300,4953
2208,"2023-11-08 12:31:42.948097","Credit Card",455.57,411300,8152
4788,"2023-06-27 19:18:31.155014","PayPal",553.87,411300,3918
7860,"2023-10-05 19:20:21.173588","Credit Card",2282.89,412297,9564
7725,"2023-11-10 08:39:44.054091","PayPal",187.95,412297,1139
4722,"2023-02-19 10:08:54.436858","PayPal",824.79,415708,1782
4653,"2023-08-31 19:04:14.137655","PayPal",793.55,415708,4878
8392,"2023-04-30 08:15:50.839736","Debit Card",2842.68,416056,2433
5647,"2023-07-02 16:46:48.743211","PayPal",4165.05,416056,5816
2148,"2023-04-23 01:51:29.595439","PayPal",2102.27,416329,7941
5824,"2023-10-01 05:57:00.690633","Credit Card",240.78,416329,4629
9980,"2023-08-14 08:10:51.051723","Debit Card",1652.92,416329,1786
2936,"2023-11-02 14:56:08.913183","PayPal",856.65,416576,5720
3671,"2023-08-11 23:48:18.529856","PayPal",255.19,416576,7453
7130,"2023-02-03 23:42:26.714182","Debit Card",1041.25,416576,4019
4252,"2023-09-24 11:50:50.18703","Debit Card",1145.66,417312,9880
9399,"2023-08-26 18:03:16.385255","Debit Card",147.92,418576,6307
2011,"2023-11-04 03:39:44.580528","Debit Card",127.15,418576,9744
4172,"2023-04-17 02:36:49.359303","PayPal",2028.38,418576,6710
5240,"2023-12-01 10:47:13.0951","Debit Card",1580.1,419525,3470
3478,"2023-04-15 00:31:04.904369","Debit Card",50.71,419525,5102
9884,"2023-04-14 07:38:03.932801","PayPal",1352.88,420021,9868
9850,"2023-04-07 03:05:08.645097","Debit Card",2463.5,420021,2220
2332,"2023-07-04 21:39:56.230334","Credit Card",29.71,420147,8420
1878,"2023-11-02 02:00:58.96105","Debit Card",795.01,422367,8727
2398,"2023-10-06 15:17:20.884738","Credit Card",226.57,422367,7171
6101,"2023-05-24 08:12:04.601716","Credit Card",1527.88,426924,3717
2737,NA,"Debit Card",99.1,427124,1057
1757,"2023-06-11 17:39:09.821325","PayPal",841.28,427124,7802
8013,"2023-08-17 19:38:49.110367","Credit Card",1084.74,427124,2356
5146,"2023-06-20 21:28:39.334669","PayPal",911.63,427207,1186
2505,"2023-10-28 05:32:47.517606","Debit Card",1550.29,427817,7804
3389,"2023-04-01 20:51:08.024491","Credit Card",1665.97,429258,7110
1496,"2023-07-15 21:05:25.753735","Credit Card",2716.85,429258,7170
6430,"2023-06-26 13:50:38.157134","Debit Card",926.54,429258,7479
1054,"2023-04-13 18:44:43.670316","Debit Card",313.93,429721,2971
9335,"2023-06-29 01:29:17.243302","Credit Card",2099.04,429763,6030
2484,"2023-09-20 00:19:27.711389","PayPal",1909.8,429763,6171
1266,"2023-07-31 06:30:30.188001","Debit Card",319.72,429763,3428
2321,"2023-03-19 00:26:10.674924","Credit Card",2979.62,430491,3910
8042,"2023-06-26 16:08:14.177994","PayPal",38.28,430491,6185
9712,"2023-08-21 11:47:03.806523","Credit Card",453.6,430491,9060
2729,"2023-07-12 18:28:25.776445","PayPal",1977.31,432267,8943
3416,"2023-06-15 07:36:24.372991","Debit Card",4197,432849,7310
5891,"2023-06-06 19:21:41.017774","PayPal",3430.92,433265,9528
9160,"2023-10-29 08:25:31.205327","PayPal",1821.38,433265,6636
5755,"2023-12-10 02:12:26.114434","PayPal",454.44,433265,4231
8213,"2023-04-11 01:49:22.972811","Debit Card",696.28,434610,1729
6701,"2023-06-23 09:48:59.236502","Debit Card",3536.2,434610,4360
3247,"2023-08-09 19:47:58.373149","PayPal",679.68,434610,7227
2083,"2023-10-14 05:29:22.836941","Credit Card",1909.28,436040,2041
6620,"2023-04-01 23:58:50.17298","PayPal",898.02,436126,2131
1072,"2023-11-19 22:29:56.86091","Credit Card",697.54,436126,8994
3859,"2023-04-28 00:00:35.180014","Debit Card",356.91,437596,6344
5664,"2023-01-07 07:01:58.060601","Debit Card",1550.06,437596,7340
9165,"2023-06-20 02:22:23.195363","Credit Card",2566.08,438157,4804
4045,"2023-02-17 12:10:29.332515","PayPal",2977.73,438157,6708
5481,"2023-01-25 02:12:18.231616","Credit Card",2972.79,438157,5140
6707,"2023-06-22 02:05:25.865214","Debit Card",2209.6,439264,8477
5801,"2023-09-28 00:55:14.333743","Credit Card",294.04,439264,2699
9340,"2023-01-31 18:58:09.564939","PayPal",900.68,439264,1947
1483,"2023-09-20 14:30:29.526441","Debit Card",584.14,439442,8618
1573,"2023-08-16 01:20:46.717586","Debit Card",77.5,439442,5965
7944,"2023-05-25 21:50:11.44468","PayPal",2713.05,439442,7541
6330,"2023-03-21 20:55:00.244716","Debit Card",156.15,443030,9557
3864,"2023-02-08 22:35:46.204278","PayPal",1226.6,443030,9024
7738,"2023-07-11 06:15:47.511558","PayPal",137.83,443207,8379
4713,"2023-06-18 03:41:47.505108","Credit Card",1178.7,443207,4583
9500,"2023-11-06 19:04:50.676261","Credit Card",320.6,443207,6411
2681,"2023-05-02 16:34:12.29314","Debit Card",1188.87,443303,9520
5462,"2023-02-09 23:31:07.106281","Debit Card",1673.16,443331,5945
5867,"2023-06-19 14:30:03.131654","Debit Card",787.88,443589,9556
9707,"2023-04-29 16:15:54.505592","Debit Card",2969,443589,7685
9826,"2023-09-24 23:49:07.445785","Debit Card",232.41,443992,1615
5430,"2023-09-04 01:14:54.024608","PayPal",2418.08,443992,9669
1979,"2023-04-28 01:33:58.827009","Credit Card",1089.66,444330,2387
5559,"2023-05-23 01:00:22.573009","Debit Card",1647.54,444330,4387
4274,"2023-05-29 04:31:31.404614","Debit Card",3737.6,444452,2150
4900,"2023-11-17 02:40:34.499522","Debit Card",228.34,444452,2155
7423,"2023-04-23 04:14:06.826896","Debit Card",697.72,446183,4488
1799,"2023-06-15 03:27:28.445434","PayPal",2478.8,446183,7687
5150,"2023-01-25 10:18:09.05278","Credit Card",1962.48,446846,2070
9435,"2023-09-11 01:17:53.247152","PayPal",708.11,447219,5071
6110,"2023-08-09 05:06:56.720566","Credit Card",293.46,447804,1963
7605,"2023-05-18 14:39:34.688159","Credit Card",1016.68,447804,4756
2025,"2023-10-25 03:30:50.840152","PayPal",2954.8,447804,3651
4386,"2023-04-07 18:40:34.918879","PayPal",2826.37,448243,2621
1656,"2023-11-09 13:10:57.122272","Credit Card",630.99,448243,2324
5197,"2023-12-02 11:52:46.718363","Debit Card",2264.8,448548,6875
9520,NA,"Credit Card",4027.05,449971,7103
5133,"2023-06-10 03:53:21.660284","Debit Card",1420.38,449971,3258
6139,"2023-11-18 20:22:51.419732","PayPal",252.85,450009,7352
3759,"2023-07-28 12:38:53.703797","Credit Card",2465.97,451307,4374
9573,"2023-10-31 00:31:23.002078","Credit Card",20.6,451307,8620
4576,"2023-06-30 19:45:37.247723","PayPal",1592.58,451354,8344
9337,"2023-10-29 23:55:20.987009","Credit Card",173.23,451354,5085
5966,"2023-05-21 05:30:35.841413","Credit Card",2377.97,451897,8084
6754,"2023-03-03 01:48:10.956505","Credit Card",673.74,451897,9472
9966,"2023-10-03 12:29:40.554555","Debit Card",1017.26,452199,7495
5261,"2023-02-26 18:07:39.905109","Debit Card",2603.3,452943,5664
6218,"2023-03-24 00:26:37.914608","PayPal",431.72,452943,5531
3988,"2023-05-02 17:07:06.855352","Debit Card",438.37,453241,8604
7263,"2023-11-14 20:30:23.407685","Debit Card",2907.66,453241,6092
2865,"2023-03-01 06:53:03.442761","PayPal",1693.66,453543,5565
1891,"2023-04-03 00:20:12.970166","Credit Card",1076.25,453543,2503
4948,"2023-11-25 12:38:15.915087","Credit Card",266.85,454600,8245
6660,"2023-10-18 03:33:03.402358","Credit Card",876.57,454600,4000
4922,"2023-08-10 19:35:50.871764","Debit Card",1376.09,454600,2835
4862,"2023-03-29 20:15:44.924842","Credit Card",1714.09,455182,7921
6513,"2023-09-13 01:58:44.456589","PayPal",1074.36,455182,5176
6309,NA,"Debit Card",1803.3,455182,3322
2198,"2023-10-06 04:15:25.468071","Credit Card",184.87,455671,3063
1543,"2023-05-29 07:04:23.217348","Credit Card",2987.58,457687,2121
3725,"2023-11-27 21:11:38.765733","Credit Card",756.28,458142,8756
3833,"2023-11-02 19:09:48.842256","Credit Card",2111.68,459206,7780
9967,"2023-09-10 15:58:19.535213","Debit Card",132.3,459206,1007
4469,"2023-11-25 18:20:17.899067","PayPal",102.21,459206,5318
1248,"2023-07-03 01:42:30.584301","Credit Card",464.32,460174,5805
7491,"2023-09-10 05:30:13.788666","PayPal",1507.56,460174,5078
5312,"2023-03-25 05:41:22.189165","Debit Card",698.88,460174,7378
9411,"2023-11-03 21:39:01.213735","Credit Card",586.39,460209,7909
4192,"2023-04-28 09:01:56.94497","PayPal",227.03,460209,2710
9891,"2023-11-22 20:49:54.995979","Debit Card",584.87,460209,6180
8592,"2023-09-04 04:58:13.774639","Credit Card",1112.45,461048,6735
3066,"2023-08-18 11:00:32.12406","PayPal",189.17,461048,7735
2666,"2023-10-23 14:26:46.629802","Debit Card",1064.11,461048,7494
4357,"2023-06-26 03:24:20.162307","Credit Card",2327.65,462091,4638
7295,"2023-08-07 18:18:50.545628","Debit Card",229.61,462091,7114
3104,"2023-03-16 20:13:42.990058","Credit Card",1748,462091,7771
8116,"2023-09-05 02:59:41.237016","Debit Card",210.96,462897,3417
8778,"2023-11-14 01:53:04.642399","Debit Card",777.48,462897,9415
5804,"2023-05-23 10:38:30.567699","Debit Card",1489.69,463209,4076
2873,"2023-03-29 08:23:44.692467","Debit Card",1067.59,463209,5363
6956,"2023-10-10 18:35:20.562869","Debit Card",1390.11,464499,8014
3829,"2023-11-26 09:15:08.132713","Debit Card",2317.28,464499,3094
6979,"2023-06-02 11:41:57.203157","PayPal",1575.14,465583,5083
7387,"2023-09-22 14:19:36.723102","PayPal",2813.06,465583,4484
8569,"2023-10-21 09:38:21.029301","PayPal",1199.18,465583,8501
5195,"2023-02-10 00:38:09.533568","PayPal",213.07,465779,6464
3205,"2023-11-15 12:00:42.918657","Credit Card",360.28,465779,3072
8292,"2023-02-01 22:42:45.826222","PayPal",448.41,465895,2759
2680,"2023-02-03 17:02:24.752437","PayPal",36.02,465895,2308
9357,"2023-06-06 10:19:16.316386","Credit Card",221.36,468526,7955
3876,"2023-09-19 20:41:26.391516","Debit Card",122,468526,5485
5769,"2023-02-16 18:20:27.909192","Credit Card",71.36,469496,1088
3193,"2023-06-01 09:18:33.769115","Debit Card",2392.92,470542,2888
8031,"2023-03-09 19:13:16.230973","Debit Card",1102.3,470542,3929
2941,"2023-08-24 17:34:16.629997","Credit Card",3230.64,470542,6387
5357,"2023-11-30 18:53:28.308569","Debit Card",3911.11,471747,9150
7154,"2023-10-23 17:21:35.127951","Debit Card",1699.45,473162,7098
2446,"2023-04-19 15:22:26.49853","PayPal",2874.51,473162,1444
9761,"2023-01-08 23:13:03.218396","Debit Card",410.72,473162,5439
2617,"2023-07-28 01:00:53.253027","Credit Card",393.68,473402,7697
3575,"2023-05-30 06:55:32.073981","Debit Card",3585.2,473402,4197
5773,"2023-05-02 09:09:59.884616","Credit Card",1396.35,473402,9817
1149,"2023-09-24 12:03:23.136999","PayPal",3226.51,473850,5047
3348,"2023-03-15 13:50:21.389372","Credit Card",209.27,473850,4095
4451,"2023-06-01 16:16:45.643094","Credit Card",3103.16,474752,6554
5421,"2023-09-21 10:31:57.500228","PayPal",451.26,474752,2207
7302,"2023-04-07 15:46:34.083457","PayPal",616.97,474752,3449
8976,"2023-08-16 01:51:42.676418","PayPal",844.51,474883,3934
4234,"2023-02-13 15:06:23.56358","PayPal",2638.36,474883,1769
1270,"2023-05-29 20:18:56.320786","PayPal",667.09,474883,8495
6759,"2023-06-08 19:50:43.569236","PayPal",1342.56,475078,4808
8659,"2023-12-06 05:06:33.270139","Debit Card",252.14,475078,5823
3550,"2023-04-20 05:27:12.59492","PayPal",1924.2,475078,2912
4129,"2023-01-12 15:39:34.544413","PayPal",414.59,476940,5585
8524,"2023-04-28 04:06:55.548588","PayPal",2203.14,476940,7213
2826,"2023-07-21 12:24:29.613996","Debit Card",1153.83,476940,7708
9218,"2023-11-22 13:12:48.867331","Credit Card",188.38,479005,7748
1679,"2023-01-08 08:30:12.024383","Debit Card",1368.61,479005,8890
7611,"2023-01-31 01:13:58.675462","PayPal",2837.16,479005,8450
5344,"2023-06-28 10:54:57.32835","PayPal",3211.11,480001,4126
8889,"2023-02-13 15:33:30.748317","Credit Card",1814.94,480001,7850
8995,"2023-02-01 10:14:15.904557","Credit Card",355.72,480001,5880
2279,"2023-03-16 06:21:39.267606","Debit Card",1612.4,480005,3610
9972,"2023-03-09 01:20:21.089521","Credit Card",843.84,480005,2323
8946,"2023-06-12 07:15:11.3669","PayPal",724.23,480325,9963
4457,NA,"PayPal",2114.37,480325,2191
8363,"2023-10-19 02:54:37.758095","Credit Card",2174.82,480325,3180
3592,"2023-05-30 11:15:17.506785","PayPal",2231.68,480448,6062
4953,"2023-09-25 22:11:53.501749","PayPal",43.69,480560,3763
6442,"2023-05-26 12:10:25.150824","Debit Card",904.16,480560,1781
3998,"2023-12-05 08:25:59.410686","PayPal",386.4,480739,5109
3234,"2023-05-18 06:55:04.010121","Credit Card",2595.7,480739,7311
9305,"2023-04-07 06:42:11.890552","PayPal",1914.03,480739,4476
5076,"2023-07-31 22:15:25.762276","Debit Card",1604.92,481029,7209
2345,"2023-02-14 08:37:17.685523","PayPal",2130,482977,5265
1389,"2023-08-18 12:05:29.618993","PayPal",1216.61,484019,9823
7358,"2023-05-25 12:42:43.438962","PayPal",378.62,484019,6569
4479,"2023-10-05 02:21:42.902683","PayPal",304.51,484437,5446
6749,"2023-11-18 18:52:21.242004","Debit Card",2759.94,484437,5635
3756,"2023-11-24 14:03:12.436366","PayPal",175.34,484494,8439
3336,"2023-03-03 02:17:20.427482","Credit Card",181.45,484625,1547
5014,"2023-07-02 09:15:39.736585","Credit Card",2799.78,484625,8995
7460,"2023-05-20 01:51:11.060678","PayPal",3119.47,486198,6819
4102,"2023-02-08 02:26:53.403714","PayPal",173.42,486450,6397
3365,NA,"Credit Card",395.1,486450,6738
1714,"2023-10-25 10:26:45.204094","Debit Card",4198.59,486526,9877
5779,"2023-04-09 16:17:25.195102","Debit Card",203.74,486526,1220
2110,"2023-12-03 04:05:28.729606","Debit Card",368.74,486919,4589
2910,"2023-10-01 17:24:24.665937","Debit Card",291.13,486919,7135
4738,"2023-05-25 21:33:30.520336","PayPal",99.41,486919,6843
8817,"2023-11-18 21:53:31.379322","PayPal",1403.82,488415,1370
4709,"2023-08-23 08:04:41.941554","PayPal",1719.54,488415,7065
4299,"2023-03-24 10:25:50.606503","Debit Card",870.71,489673,3293
7649,"2023-05-11 20:46:07.937102","PayPal",637.87,489760,3167
5950,"2023-07-14 19:49:44.036949","Credit Card",1673.9,489760,5028
5517,"2023-08-30 19:26:58.540514","PayPal",2972.55,489842,3386
8865,"2023-09-30 07:33:08.151846","Credit Card",1226.07,491392,7089
1409,"2023-03-14 15:05:37.337217","PayPal",53.88,492198,9792
8313,"2023-06-19 04:31:30.138618","Debit Card",526.41,492198,4833
5996,"2023-03-04 19:56:02.662556","PayPal",541.04,492992,7297
1570,"2023-05-31 15:52:16.717748","PayPal",3581.27,492992,8608
7618,"2023-07-26 19:52:34.872394","Debit Card",2311.81,493116,5997
4068,"2023-04-19 07:18:33.700202","PayPal",68.82,493116,6565
4011,"2023-06-18 03:17:03.141001","Debit Card",1024.81,493116,6313
2682,"2023-04-22 10:44:13.566463","Credit Card",116.13,493521,9261
6536,"2023-10-23 21:18:26.971002","Debit Card",419.28,493521,9390
3811,"2023-10-24 13:32:18.69269","Credit Card",2491.01,495993,7128
8607,"2023-02-21 23:01:47.214861","Debit Card",1893.15,496896,2721
4797,"2023-10-13 21:53:15.624972","PayPal",1387.9,496896,5415
5382,"2023-07-07 06:28:44.615268","Credit Card",2216.96,497215,2082
7214,"2023-08-25 02:28:32.459182","Debit Card",653.94,497456,3239
4964,"2023-11-09 20:53:57.671951","PayPal",1964.73,498241,1086
8243,"2023-09-09 13:06:16.677807","Credit Card",539.58,498241,4952
8895,"2023-02-19 23:48:51.21789","Debit Card",3139.39,498241,5819
4392,"2023-05-11 10:23:04.177733","PayPal",86.45,499770,8971
6787,"2023-10-26 15:26:37.014935","Debit Card",1813.7,500336,2138
5687,"2023-10-30 00:22:38.867464","Credit Card",1879.6,500336,9031
8821,"2023-10-03 18:26:14.719159","Debit Card",2129.04,501041,9456
2583,"2023-11-02 06:37:57.552583","Debit Card",3710.7,501041,8045
9534,"2023-07-15 07:01:54.733341","PayPal",3191.9,501041,8641
1397,"2023-01-30 08:28:59.24586","Debit Card",1214.56,503084,4581
8613,NA,"PayPal",1020.93,503084,8798
8876,"2023-02-09 20:23:49.197391","Credit Card",347.98,503689,5753
2515,"2023-09-19 09:55:34.319633","Credit Card",1163.23,503689,2015
4021,"2023-07-04 19:06:09.159622","Credit Card",1958.33,503689,5779
8815,"2023-04-16 09:38:18.400448","PayPal",1215.1,504020,5430
9117,"2023-11-12 15:45:29.789317","PayPal",273.03,504020,1704
6742,"2023-02-28 07:09:22.741915","PayPal",645.45,504020,9145
3985,"2023-05-07 15:42:04.431147","Debit Card",375.46,505487,1487
1356,"2023-02-11 02:44:51.121405","Credit Card",1772.51,505487,4344
4559,"2023-09-05 05:40:32.991846","Credit Card",230.04,505487,2007
8387,"2023-10-03 17:27:53.088022","Credit Card",3520.4,505774,3792
6837,"2023-01-25 23:51:29.803994","Debit Card",3338.3,505774,8451
2744,"2023-01-09 13:31:34.397034","PayPal",280.36,505774,2534
8836,"2023-03-02 21:47:33.441634","PayPal",1152.24,506905,6238
8513,"2023-07-29 22:05:16.090346","Credit Card",674.23,506905,2414
9295,"2023-07-15 13:33:44.15493","PayPal",1472.58,506989,4477
4333,"2023-11-26 18:02:56.640804","PayPal",370.39,506989,7086
4684,"2023-12-08 07:19:55.201128","PayPal",524.53,506989,8881
9307,"2023-12-10 09:13:56.55704","PayPal",157.15,507554,7835
9917,"2023-10-15 15:12:12.420751","Debit Card",1562.48,508360,8314
3682,"2023-09-01 15:45:55.72261","Credit Card",680.3,508360,3805
3659,"2023-09-20 19:13:50.872265","Credit Card",290.41,508360,8691
2156,"2023-08-05 03:19:01.981716","Credit Card",1892.32,509988,8498
5811,"2023-06-26 14:24:21.560201","Debit Card",1667.62,510147,3465
5775,"2023-10-24 06:57:29.265338","Credit Card",293.52,510147,8718
9617,"2023-06-01 10:19:48.545964","PayPal",405.94,510241,6366
6770,"2023-02-03 07:31:05.706745","Credit Card",2715.84,510241,2425
1735,"2023-04-26 17:36:15.035369","Debit Card",418.94,510241,5701
7095,"2023-02-11 13:27:25.572433","Credit Card",1248.07,516251,5269
1074,"2023-09-10 16:25:31.011417","Credit Card",728.9,516251,6981
8952,"2023-09-25 03:52:38.471744","Debit Card",136.02,516996,7315
8040,"2023-03-15 12:39:20.528154","Credit Card",2195.36,516996,2423
6024,"2023-06-09 19:57:21.389266","Credit Card",1330.38,516996,2878
7610,"2023-01-21 10:10:44.995884","Credit Card",248.58,517604,6590
4472,NA,"Debit Card",611.34,517604,3835
1401,"2023-07-26 09:58:00.471385","Credit Card",2925.07,517604,4010
4428,"2023-04-04 03:09:14.947724","Credit Card",3592.5,518539,3252
9299,"2023-06-06 03:14:20.037077","PayPal",1334.6,519155,8776
9550,"2023-05-11 10:44:56.836053","Debit Card",257.89,519155,2847
7752,"2023-08-18 05:33:07.365838","Credit Card",3370.3,519155,1297
5229,"2023-08-31 12:54:03.404556","Debit Card",123.36,519864,1699
2237,"2023-11-02 04:15:07.549479","PayPal",1872.34,520004,2892
7307,"2023-01-23 14:50:24.07665","Debit Card",1856.82,520004,2583
6747,"2023-08-18 16:58:23.828417","PayPal",535.28,520004,8346
8411,"2023-04-24 17:55:21.668981","Debit Card",2285.6,521000,4822
6565,"2023-10-11 00:27:39.787014","Debit Card",1266.11,521896,2550
9363,"2023-06-14 05:47:15.354057","Credit Card",1185,521896,9939
5314,"2023-03-14 01:04:57.960752","PayPal",413.92,521896,1861
2788,NA,"PayPal",1267.51,523920,3075
7901,"2023-09-21 16:04:43.117341","Debit Card",42.84,523920,8758
8451,"2023-09-16 17:29:42.271537","Credit Card",1374.2,524308,4852
9739,"2023-03-26 01:56:16.592072","Credit Card",1012.71,524308,7640
1822,"2023-06-27 06:10:20.303616","Debit Card",1134.58,524822,1887
8197,"2023-01-30 07:08:37.620132","PayPal",1849.22,525308,4574
9133,"2023-01-30 15:44:55.987449","Credit Card",1864.85,525571,2765
5663,"2023-05-23 01:56:50.476358","Debit Card",1015.46,532350,8534
3654,"2023-04-22 20:54:45.086158","Credit Card",4497.49,532417,1078
8527,"2023-07-13 15:31:40.158935","PayPal",2308.3,532457,6296
7075,"2023-10-24 08:10:53.611334","Credit Card",720.3,536230,3142
2406,"2023-03-28 02:50:36.08429","PayPal",415.38,536230,8584
9209,"2023-11-26 03:57:22.178473","Credit Card",2211.6,537558,7557
6363,"2023-03-04 00:31:13.361394","Debit Card",1451,537558,1888
4128,"2023-07-16 11:36:43.744347","Credit Card",3644.66,538917,2010
5740,"2023-11-08 07:08:22.426954","PayPal",581.91,538917,9755
6691,"2023-11-30 23:57:03.658732","PayPal",1225,538917,7903
6529,"2023-10-08 05:48:21.344908","Debit Card",1928.97,540749,6011
5952,"2023-03-11 02:49:10.536273","Credit Card",1122.52,540749,9503
3030,"2023-03-08 19:55:59.997091","Credit Card",2253.15,542152,1345
4760,"2023-10-25 02:02:55.825593","Credit Card",1882.45,542740,9510
5441,"2023-05-24 21:12:58.540838","PayPal",53.5,544293,8068
7837,"2023-04-04 22:21:43.130497","Debit Card",1780.16,544293,5002
2492,"2023-02-02 11:35:23.857433","PayPal",4917,544293,3753
9968,"2023-06-12 15:09:44.796889","Credit Card",264.88,546079,8340
5489,"2023-05-01 19:55:56.005722","Debit Card",1138.68,546079,8025
4691,"2023-09-05 15:12:42.877455","Credit Card",2098.9,546079,2834
4335,"2023-09-05 04:47:01.756679","Credit Card",1196.55,547213,7161
4065,"2023-10-17 02:27:20.93887","Credit Card",3289.77,547213,7532
4212,"2023-09-02 19:47:22.375437","Credit Card",1297.87,549499,9860
8944,"2023-10-01 16:47:24.113769","PayPal",848.2,549574,3328
7648,"2023-06-11 02:45:53.540178","Debit Card",3004.4,549574,5396
6173,"2023-10-26 06:35:07.68384","Debit Card",515.42,551210,4165
7834,"2023-07-13 07:15:37.675126","Credit Card",1301.4,551210,3797
3583,"2023-11-21 18:46:19.922479","PayPal",652.27,551398,7219
1267,"2023-09-10 21:24:10.513899","Debit Card",253.14,551549,8308
7293,"2023-03-16 09:07:06.772217","Credit Card",943.75,551549,3988
2908,"2023-11-15 10:11:37.593165","PayPal",439.6,551549,5957
8285,"2023-04-13 21:37:04.329215","Debit Card",227.67,551734,8206
6901,"2023-11-27 00:44:14.774436","Debit Card",4451.22,551734,3119
5686,"2023-10-14 14:50:34.79349","Credit Card",190.77,551734,9434
4655,"2023-08-07 19:37:44.836103","PayPal",40.56,552188,5636
1566,"2023-02-12 11:33:06.7655","Credit Card",193.34,552188,3963
6810,"2023-08-06 23:24:44.371966","PayPal",4079.46,552188,6021
1824,"2023-08-13 05:34:35.839348","PayPal",142.39,552257,2130
2562,"2023-03-27 13:20:41.021761","Credit Card",2485.09,552257,9892
3326,"2023-11-08 23:12:06.790418","Credit Card",276.98,552257,8254
1500,"2023-08-04 14:40:27.653009","PayPal",781.98,552793,5495
9404,"2023-05-25 09:58:57.843514","PayPal",455.85,552793,7272
3026,"2023-02-27 04:21:16.072144","PayPal",871.08,554026,3310
1854,"2023-06-21 21:43:29.317631","Credit Card",724.6,554026,3362
2364,"2023-07-24 08:02:53.280808","Debit Card",459.91,554085,2744
2435,"2023-08-13 04:33:24.905829","PayPal",257.71,554085,3321
1550,"2023-05-21 12:50:58.158508","PayPal",3786.24,554085,4599
6925,"2023-07-29 11:15:55.431464","Debit Card",2197.02,554367,7400
8218,"2023-04-04 07:14:39.99469","Debit Card",200.97,554367,6628
5714,"2023-03-12 17:57:15.434306","Debit Card",1713.93,554367,1346
6683,"2023-03-01 10:21:47.475615","PayPal",947.4,556170,4061
8676,"2023-12-24 10:23:34.163127","Debit Card",475.53,556737,4216
3620,"2023-05-25 20:07:07.611192","PayPal",963.72,556737,5696
6808,"2023-06-12 14:42:04.628927","Debit Card",189.32,557043,5412
8857,"2023-09-12 20:57:23.678317","Credit Card",756.76,557043,2379
8361,"2023-01-13 02:01:14.160263","Credit Card",489.72,557043,4794
3537,"2023-12-05 11:03:38.095511","Debit Card",2421.46,557241,7637
1527,"2023-12-01 04:23:21.557301","Debit Card",186.06,557241,4079
1888,"2023-03-05 05:34:34.839373","Debit Card",512.9,557241,2177
3220,"2023-08-05 15:44:20.525742","Debit Card",2245.64,558833,3042
6241,"2023-02-13 16:09:10.313699","Credit Card",386.41,558833,3204
3142,"2023-04-24 07:01:00.691671","Credit Card",153.96,558833,7074
2027,"2023-04-06 10:28:59.277356","Debit Card",2306.43,559345,6509
8274,"2023-04-06 05:08:16.896574","Credit Card",395.05,560942,5886
2476,"2023-05-13 13:17:45.955983","Debit Card",1827.88,560942,4956
1403,"2023-05-24 18:14:48.72105","Debit Card",700.57,561605,7359
9282,"2023-02-13 02:11:17.198271","PayPal",3078.48,561605,5639
5209,"2023-02-18 08:40:12.078622","PayPal",142.33,561773,6483
4050,"2023-06-23 11:41:01.054699","Debit Card",1117.73,562054,4015
8757,"2023-04-03 00:47:53.925148","Debit Card",3717.82,562054,5119
1885,"2023-05-16 14:47:04.462203","PayPal",2826.78,562054,4020
4310,"2023-02-08 23:16:25.14977","PayPal",2156.05,564484,6641
9720,"2023-02-19 17:32:42.611215","Debit Card",785.92,564484,9431
6700,"2023-08-28 06:28:49.746119","PayPal",1666.11,564921,6072
5630,"2023-09-02 17:43:35.175448","PayPal",244.7,565710,8414
4226,"2023-04-02 14:24:38.265421","Debit Card",1186,565710,2770
7650,"2023-11-03 17:35:48.096509","Credit Card",264.73,565710,4778
6212,"2023-11-05 11:13:17.416469","PayPal",90.69,566128,2456
4306,"2023-12-10 13:40:40.440521","Debit Card",141.76,566625,2196
1499,"2023-11-22 07:35:13.490293","Debit Card",432.01,573491,2369
3181,"2023-10-17 14:49:16.118077","Credit Card",380.07,573491,5103
8601,"2023-08-03 17:31:35.962451","Credit Card",806.69,573491,7963
6381,"2023-07-28 18:56:53.033167","Credit Card",1208.55,574223,4619
5123,"2023-10-16 16:23:04.652685","PayPal",1883.8,574223,2842
4009,"2023-03-20 05:37:28.081121","Credit Card",1097.82,574510,6149
2883,"2023-02-09 08:28:53.975481","PayPal",1829.87,574510,1652
6931,"2023-09-27 10:30:28.356977","Debit Card",3841.65,574603,3804
5791,"2023-10-15 13:44:16.622189","Debit Card",2330.9,574889,6932
5054,"2023-03-19 03:25:07.539117","Credit Card",1319.78,574889,4602
7697,"2023-08-30 04:36:27.03747","Credit Card",965.3,574889,1036
6318,"2023-11-05 20:15:56.38869","PayPal",333.3,575761,9780
3157,"2023-03-14 00:21:18.20731","Debit Card",454.48,575761,2624
7803,"2023-10-31 20:50:08.832215","Debit Card",336.4,575761,6097
8560,"2023-09-27 07:50:57.347294","Debit Card",106.67,577255,4005
4751,"2023-02-11 18:42:08.851441","Credit Card",2781.71,577255,8724
4903,"2023-07-31 04:10:45.059956","Debit Card",539.11,577255,9854
9105,"2023-09-26 06:21:43.003956","PayPal",1977.22,577361,3390
6273,"2023-02-09 10:35:14.86001","Debit Card",1186.84,577361,4793
4812,"2023-04-24 03:00:01.33751","Debit Card",735.47,577779,3256
9919,"2023-12-09 17:43:17.404734","PayPal",292.83,578263,9533
4314,"2023-10-25 06:16:41.181252","PayPal",1560.54,578263,5929
6514,"2023-07-19 17:53:08.409555","Debit Card",1263.35,578263,8622
4849,"2023-02-28 17:01:07.292889","PayPal",1055.87,578681,4607
3744,"2023-02-03 13:31:07.132205","Credit Card",1000.23,578681,1261
4148,"2023-11-25 19:43:13.32559","Debit Card",313.9,578813,2225
3155,"2023-10-10 15:39:14.741402","PayPal",871.55,578813,4291
1677,"2023-10-20 12:46:06.81048","Debit Card",329.46,579775,4460
2674,"2023-09-03 11:43:22.045224","Debit Card",81.35,579775,4340
8536,"2023-07-22 20:34:20.917521","Debit Card",616.85,579775,6606
7473,NA,"PayPal",238.98,581994,3622
1909,"2023-08-14 05:44:06.978293","Debit Card",2579.59,582098,3130
6093,"2023-06-07 22:53:14.193162","Debit Card",4101.01,582098,9376
5854,"2023-10-10 11:46:48.307412","Debit Card",373.35,582880,3886
8706,"2023-06-08 10:54:00.15968","PayPal",1915.2,583710,5208
3267,"2023-07-22 15:37:05.411848","Debit Card",584.16,583710,1090
2968,"2023-04-27 09:28:08.83226","Credit Card",360.65,584215,9848
4026,"2023-03-04 05:57:01.690647","Credit Card",597.92,584215,6810
6939,"2023-10-01 03:20:29.674984","Credit Card",2172.78,584357,4467
6556,"2023-10-29 21:28:19.64753","Credit Card",440.94,584357,8753
8335,"2023-03-19 06:55:48.050418","PayPal",2086.3,584518,3739
2205,"2023-04-16 22:46:57.037413","Credit Card",290.2,584607,8445
2586,"2023-10-16 16:57:38.026915","Debit Card",904.08,585322,5133
5940,"2023-02-20 23:48:01.893515","Debit Card",503.52,585322,8984
6994,"2023-08-14 21:54:50.561733","PayPal",229.19,585322,2571
8147,"2023-05-17 09:05:05.556399","Debit Card",2269.17,585940,2022
5512,"2023-04-14 11:55:51.701045","Debit Card",706.53,585940,7274
6999,"2023-12-08 22:14:10.211851","Credit Card",4259.78,585940,6698
5912,"2023-06-19 03:18:13.149814","Debit Card",2815.54,586848,2630
7758,"2023-02-27 01:29:57.951449","Debit Card",773.09,586848,1452
1099,"2023-07-18 01:00:49.529672","Debit Card",863.83,586848,5803
1400,"2023-09-22 05:57:52.633018","PayPal",3952.98,587330,1381
1456,"2023-09-04 21:56:07.476806","Debit Card",324,588298,1849
9071,"2023-04-22 19:01:43.450824","Debit Card",505.38,588298,9581
1022,"2023-04-12 05:24:14.361688","Debit Card",1389.8,594549,1624
8985,"2023-04-03 17:58:57.730513","Debit Card",390.29,594549,6958
4266,"2023-08-31 23:33:55.337274","PayPal",306.56,596229,7796
4462,"2023-01-18 16:49:12.018475","Credit Card",177.41,597031,4646
9912,"2023-02-14 23:48:10.616924","Debit Card",1113.07,597031,6910
4755,"2023-04-05 09:42:42.12696","PayPal",644.4,598450,9663
8867,"2023-03-05 11:19:48.288941","PayPal",4239.81,598450,5905
8891,"2023-11-19 16:07:51.28874","Debit Card",1568.35,598759,4426
6564,"2023-05-09 19:11:53.678916","PayPal",757,598759,9681
8593,"2023-08-30 15:57:21.768236","Credit Card",2545.95,599284,5899
7253,"2023-09-12 00:05:03.507004","Credit Card",2771.68,599284,9220
6397,"2023-09-28 15:38:30.512211","Debit Card",310.36,599725,2118
3632,"2023-09-22 04:27:46.037097","Credit Card",1563.24,599725,5027
8760,"2023-11-26 07:57:07.588175","Credit Card",644.84,599725,3791
4636,"2023-06-13 16:52:17.17945","PayPal",1080.54,599828,1919
5703,"2023-10-04 11:18:01.953368","Credit Card",946.71,600932,1841
4879,"2023-03-25 22:03:46.618673","PayPal",315.4,602213,7165
7371,"2023-05-29 09:36:46.647898","Credit Card",1297.85,602213,9413
5488,"2023-04-20 15:59:06.153769","PayPal",665.34,602213,9242
6791,"2023-03-27 23:18:59.572348","Credit Card",1517.84,602319,2832
1108,"2023-08-12 11:47:56.373931","PayPal",2414.05,602554,6633
9977,"2023-01-15 13:24:50.055171","Credit Card",344.13,602554,5523
2722,"2023-04-08 08:52:03.360039","PayPal",2023.99,602607,4749
4685,"2023-04-16 11:25:12.701384","PayPal",215.97,602607,3516
9845,"2023-02-21 07:15:41.718536","Debit Card",84.64,602607,4993
8436,"2023-06-10 21:10:45.172401","Debit Card",1333.23,603409,4122
7317,"2023-03-14 10:04:43.271031","PayPal",2368.35,604003,4916
6995,"2023-07-14 03:46:25.994927","Debit Card",2498.58,604711,9062
9926,"2023-11-09 06:58:27.229599","PayPal",35.43,604711,4967
7016,"2023-07-19 18:54:52.556653","Debit Card",116.74,604711,8931
7994,"2023-08-13 07:00:53.561515","Credit Card",1524,605428,8730
8471,"2023-03-09 21:26:26.055127","PayPal",389.13,605428,7949
8212,"2023-05-10 16:01:49.963301","Credit Card",432.91,613182,5126
4784,"2023-01-13 17:36:38.298188","Debit Card",577.49,613182,2367
5117,"2023-03-15 17:16:52.234917","Credit Card",2070.39,613182,1598
5983,"2023-10-23 03:31:23.417907","Credit Card",3105.55,613994,4828
8325,"2023-10-14 14:58:16.106196","Credit Card",738.26,614948,2940
8758,"2023-07-13 05:04:34.601964","Credit Card",534.87,614948,2200
6230,"2023-04-23 03:17:13.186168","Credit Card",1674.18,617036,2901
2177,"2023-10-06 20:17:51.856481","PayPal",436.98,619760,3395
7642,"2023-11-02 14:59:58.499887","Debit Card",385.3,619760,5472
9525,"2023-03-16 01:26:48.765109","PayPal",2823.11,620294,8221
9518,"2023-10-03 16:11:10.142459","Credit Card",1365.87,620398,1122
3624,"2023-07-09 16:14:43.253635","Credit Card",283.4,620398,8134
6688,"2023-08-18 00:50:36.49912","PayPal",2678.75,622004,5826
9956,"2023-05-27 08:08:54.797193","Debit Card",72.9,622004,3008
6658,"2023-11-12 04:15:59.141978","PayPal",105.39,623437,8759
7298,"2023-12-04 23:56:16.245973","Credit Card",1728.81,623537,1803
8068,"2023-12-04 04:24:45.881205","PayPal",1511.81,623537,8878
2709,"2023-12-16 10:15:03.79084","Debit Card",1212.82,623864,1480
8226,"2023-11-27 14:13:19.085701","PayPal",594.42,623864,7751
5494,"2023-10-19 13:41:00.010321","PayPal",4149.06,624090,4160
2794,"2023-10-31 05:36:01.492454","PayPal",2481.27,624090,5581
4506,"2023-12-08 21:21:03.955968","Credit Card",1145.32,624944,5737
2949,"2023-03-05 09:03:22.593832","Credit Card",1806.3,624944,9103
3915,"2023-03-09 12:25:45.411111","PayPal",2529.3,624944,2426
6270,"2023-08-14 20:43:32.383269","Credit Card",1651.09,626889,7005
2042,"2023-08-09 19:21:39.683905","PayPal",360.13,629074,3404
1750,"2023-02-25 03:00:39.380836","Credit Card",1217.63,630090,4258
6206,"2023-07-31 15:58:52.268006","PayPal",1959.61,630090,6137
1461,"2023-11-28 22:34:02.191947","PayPal",1495.87,630229,7398
8407,"2023-02-14 17:35:49.780588","Credit Card",1920.23,631501,9051
1224,"2023-11-29 03:36:05.769403","PayPal",741.71,631501,4641
9126,"2023-02-18 07:14:58.705693","Credit Card",191.32,632778,6242
5510,"2023-10-23 06:27:46.230773","Credit Card",2159.9,632778,5663
2489,"2023-06-12 04:58:25.255647","PayPal",2351.44,632778,6508
8914,"2023-02-22 22:52:13.259998","Debit Card",1531.52,633246,4692
6288,"2023-03-28 07:22:06.043005","Debit Card",484.77,633246,4343
9228,"2023-05-22 02:17:00.221215","Debit Card",1313.17,633489,3620
9537,"2023-02-22 01:25:37.908483","Credit Card",608.8,634663,9985
3446,"2023-11-17 08:44:22.108346","Credit Card",633.23,635998,4792
5446,"2023-03-20 17:45:47.104244","PayPal",2813.61,636782,5746
7391,"2023-09-18 17:41:58.588887","PayPal",2891.61,636782,9779
7468,"2023-06-04 13:36:09.556797","Debit Card",358.17,636845,5548
1502,"2023-02-03 07:26:16.554481","Credit Card",812.07,636910,9675
5281,"2023-06-18 03:19:32.748919","PayPal",209,636910,7738
3685,"2023-07-29 00:05:55.070615","Debit Card",709.13,637171,2162
3986,"2023-08-15 22:07:43.692845","Credit Card",1527.52,637171,2438
5285,"2023-09-23 08:57:28.239326","Credit Card",4050.32,639134,2732
9085,"2023-11-27 01:22:27.340979","Debit Card",4494.87,640640,8423
1396,"2023-04-06 20:21:21.820097","PayPal",295.19,640840,2678
7557,"2023-06-21 22:12:21.755428","Credit Card",1130.97,640944,8334
5052,"2023-08-29 23:34:47.028383","Credit Card",606.95,642450,4655
5397,"2023-05-09 18:01:42.604211","Debit Card",2860.34,642450,4825
5480,"2023-09-13 16:19:19.267104","Credit Card",1455.62,642979,9076
1467,"2023-09-07 10:07:25.310587","Credit Card",178.15,642979,7289
9351,"2023-11-06 12:48:05.097045","Credit Card",473.58,643171,7926
6026,"2023-08-10 18:41:29.983919","Debit Card",472.75,643171,3715
2658,NA,"Credit Card",125.09,643549,1304
6623,"2023-11-07 13:51:06.27559","PayPal",1501.61,643549,6522
4676,"2023-04-29 00:43:53.250835","Credit Card",121.35,643549,3951
3133,"2023-07-04 07:34:31.501384","Credit Card",105.7,644208,4102
2814,"2023-09-24 22:38:15.150261","PayPal",57.76,644208,2442
6411,"2023-08-23 18:09:30.805474","PayPal",556.66,644208,3165
6056,"2023-11-26 10:18:07.6618","PayPal",740.2,646028,4763
7346,"2023-04-21 18:35:40.323534","Credit Card",419.52,646512,7095
2459,"2023-11-25 19:51:32.787255","PayPal",3754.63,647360,9416
3064,"2023-10-05 11:34:38.05742","Debit Card",2907.98,648193,4110
9122,"2023-03-30 16:30:02.291478","Credit Card",261.14,648193,3332
8444,"2023-02-28 14:01:24.865616","Debit Card",1366.84,648532,3869
2343,"2023-10-06 03:29:16.915475","PayPal",2447.55,648532,3099
1786,"2023-09-14 03:40:38.172714","PayPal",194.73,648532,2555
6968,"2023-07-20 19:45:33.956934","Debit Card",470.05,648978,6789
3227,"2023-06-07 10:26:26.101623","Credit Card",44.7,648978,6649
6638,NA,"PayPal",183.07,648978,7864
3743,"2023-06-12 04:06:35.527694","Credit Card",853.63,649165,3833
1927,"2023-10-27 00:14:25.071208","Credit Card",334.89,649165,8341
4336,"2023-07-24 22:36:50.583269","PayPal",1780.88,651012,5438
3825,"2023-11-11 19:57:44.547942","PayPal",202.06,651012,8041
5788,"2023-06-19 12:47:17.131745","Debit Card",958.83,651012,9327
8824,"2023-05-16 06:44:13.911193","Debit Card",848.73,653110,8200
5964,"2023-06-15 03:50:09.348232","Credit Card",2416.57,653110,6612
5239,"2023-06-02 09:12:51.263509","Debit Card",3786.54,653190,2501
5543,"2023-05-03 09:15:26.491796","Debit Card",431.43,653190,8828
7425,"2023-03-13 18:00:19.347209","Debit Card",1964.08,655176,6748
9412,"2023-04-16 20:07:12.440114","Debit Card",127.31,655799,6358
7240,"2023-10-01 22:47:14.708972","Credit Card",100.78,655799,4153
7308,"2023-06-27 05:18:02.121161","PayPal",213.6,658199,6334
8230,"2023-02-13 22:07:02.776994","Debit Card",2917.74,658199,7275
9613,"2023-04-03 22:44:21.9876","PayPal",916.71,659171,4267
9973,"2023-04-23 15:06:24.1847","Credit Card",2277.04,659234,9184
8495,"2023-02-23 04:05:55.974761","PayPal",1493.15,660674,8607
4657,"2023-06-02 16:35:33.519716","Debit Card",771.6,661155,2559
8500,"2023-07-28 20:57:56.113527","Debit Card",3516.53,661367,7506
4746,"2023-03-10 20:22:33.972593","Debit Card",289.2,661367,3429
4064,"2023-03-04 19:53:50.416502","Debit Card",4383.18,661671,7943
8641,"2023-06-02 08:24:44.467097","PayPal",4994.5,661671,7141
1818,"2023-10-24 21:25:54.012311","Debit Card",615.68,661671,8743
8219,"2023-12-01 08:06:25.167367","PayPal",4612.3,663434,3097
5571,"2023-06-09 15:03:24.259866","PayPal",200.1,663434,8686
1453,"2023-01-07 10:54:17.256107","PayPal",949.19,663665,2030
2874,"2023-09-13 22:55:16.454136","PayPal",3513.69,663834,5057
3364,"2023-10-06 03:50:28.007535","Credit Card",1547.6,663834,2106
8429,"2023-01-26 04:11:26.253979","Credit Card",308.69,664404,4080
3679,"2023-08-06 21:35:31.622375","PayPal",1493.66,664404,2383
3559,"2023-07-10 17:21:45.237512","Debit Card",614.97,665446,3337
5536,"2023-04-22 04:19:30.911258","Credit Card",1599.39,665446,6279
5405,"2023-02-27 11:34:59.567603","Debit Card",342.02,665446,6821
1069,"2023-07-24 05:27:13.439232","Debit Card",1879.29,665881,6394
2261,"2023-08-06 09:20:53.960127","PayPal",132.04,665881,1860
2293,"2023-08-28 19:36:18.926571","Credit Card",1283.44,665881,5991
8009,"2023-11-14 18:20:56.054885","Credit Card",536.17,666214,9071
7760,"2023-06-15 14:08:49.767005","Credit Card",888.16,666214,7281
7585,"2023-10-07 20:06:52.456718","PayPal",2396.74,666657,6429
4293,"2023-03-23 22:44:29.353603","Credit Card",1347.91,666657,9711
6274,"2023-07-14 18:00:20.359877","Debit Card",259.44,666657,4979
2409,"2023-04-19 17:25:08.123537","Debit Card",1387.05,667707,7518
5771,"2023-07-26 07:43:40.87531","PayPal",50.69,668781,5832
2904,"2023-09-09 10:11:31.903214","Credit Card",275.54,668781,9265
7825,"2023-10-16 09:20:30.445106","Credit Card",496.2,668990,7581
5079,"2023-11-22 11:40:55.720952","Debit Card",729.26,668990,7337
5208,"2023-01-27 03:22:23.244676","Credit Card",1137.9,668990,2691
4776,"2023-02-27 17:24:14.759453","PayPal",3604.08,669236,8146
4202,"2023-08-11 05:51:55.52204","Credit Card",2296.67,669236,1889
3514,"2023-09-26 16:39:22.428915","Debit Card",388.61,669236,7934
9789,"2023-10-26 10:26:30.959432","PayPal",2566.24,673083,5503
2647,"2023-04-15 18:50:09.623869","Credit Card",2712.63,673083,2921
3860,"2023-07-19 04:41:54.792784","Debit Card",2082.21,674406,6723
8871,"2023-08-18 15:33:41.048925","Debit Card",674.96,675375,9909
9502,"2023-03-11 13:18:34.425022","Debit Card",2203.88,675375,2632
4391,"2023-03-11 02:48:14.433982","Debit Card",348.61,675428,4722
6216,"2023-02-06 19:09:18.338318","PayPal",1794.24,675428,5796
4464,"2023-09-15 23:50:12.301438","Debit Card",1768.99,676215,9353
9365,"2023-03-27 16:04:27.02638","Debit Card",1130.02,677053,7362
1716,"2023-09-09 16:04:02.404465","Debit Card",220.48,679763,9143
9988,"2023-11-21 06:50:02.113529","PayPal",1292.5,679763,1393
7767,"2023-09-03 05:42:00.71716","Credit Card",245.77,679763,9345
3121,"2023-04-14 16:18:04.688933","Credit Card",2757.6,683193,5789
1192,"2023-04-11 14:26:53.43908","PayPal",70.09,683193,3615
8337,"2023-05-31 11:11:57.068806","PayPal",2145.34,683193,5239
7113,"2023-09-07 20:57:27.117285","Debit Card",916.84,683734,2752
8386,"2023-05-01 19:27:46.58982","Debit Card",2566.71,683734,3111
4536,"2023-02-10 17:57:24.205512","Debit Card",2236.96,683734,3756
9358,"2023-02-11 12:42:12.110325","Credit Card",2941.35,684249,1289
7682,"2023-11-30 10:34:52.693665","PayPal",421.56,684476,1591
7789,"2023-10-07 21:36:47.340089","PayPal",4656.62,685972,4224
7970,"2023-08-14 04:10:57.065866","PayPal",517.05,687005,3592
7546,"2023-11-21 00:46:07.161032","Debit Card",1381.44,687005,4805
8079,"2023-05-07 08:41:14.420086","Credit Card",1258.83,687237,3678
9436,"2023-06-18 02:44:57.967878","PayPal",2552.69,687237,9357
1229,"2023-01-14 17:16:18.356083","Credit Card",1574.2,687237,2147
2775,"2023-06-10 05:56:33.78406","Debit Card",1207.2,690214,3877
8232,"2023-09-16 06:36:04.614954","Credit Card",720.36,690293,4191
3557,"2023-08-29 23:53:53.067048","PayPal",653.41,691707,5645
1026,"2023-04-26 23:08:38.950166","Debit Card",1024.03,691707,9631
5098,"2023-07-08 10:39:56.683708","Debit Card",2161.29,691707,2902
7669,"2023-11-16 00:40:25.384974","Debit Card",2585.52,692100,2357
9360,"2023-05-03 14:35:40.294439","PayPal",2848.76,692100,6690
4219,"2023-04-26 19:18:44.402739","Debit Card",3322.95,692772,2737
4552,"2023-03-30 21:10:58.486994","PayPal",1159.8,692788,1973
1767,"2023-08-22 11:39:38.836497","Debit Card",1472.76,692788,4069
9915,"2023-07-10 01:57:48.579342","Debit Card",1445.6,692788,7615
4608,"2023-05-10 10:13:39.526481","PayPal",900.3,693817,6433
2466,"2023-08-15 19:11:36.214195","Credit Card",552.24,694301,2551
5770,"2023-08-15 16:37:36.275799","Debit Card",2636.19,694301,3682
3042,"2023-07-07 04:55:33.854122","Debit Card",1115.22,694301,6271
8284,"2023-04-24 17:54:36.714306","Credit Card",1742.92,695698,1333
2863,"2023-11-11 17:43:27.04918","Debit Card",179.03,695698,1318
5278,"2023-11-07 01:54:06.247114","Credit Card",1045.35,696585,3875
5437,"2023-06-13 17:53:00.666165","Debit Card",2646.11,696585,6481
9261,"2023-06-09 02:40:01.347499","Debit Card",2370.12,696585,1070
9768,"2023-07-01 06:41:04.903629","Credit Card",151.09,696917,7683
6379,"2023-11-28 14:36:10.318578","Credit Card",2404.86,696917,4188
4272,"2023-11-23 23:46:30.597591","Credit Card",1359.79,697149,7547
9624,"2023-06-10 18:27:08.478574","Credit Card",272.53,697149,9214
3337,"2023-05-02 16:14:01.63652","Debit Card",1258.71,701609,8684
6334,"2023-06-25 23:37:51.17144","Debit Card",2101.5,701609,2097
4470,"2023-10-22 03:38:35.409831","Debit Card",1502.06,702525,2120
3728,"2023-04-11 17:36:12.319593","Debit Card",2912.7,702525,1163
4057,"2023-07-05 03:59:00.166656","Credit Card",83.6,702525,9914
8074,"2023-10-12 05:03:38.728318","Debit Card",325.7,703037,6650
7565,"2023-05-19 08:22:41.491804","Debit Card",3321.73,703037,6107
3333,"2023-05-18 23:26:51.911789","Credit Card",1761.83,703037,6693
9665,"2023-10-03 16:49:49.106465","Credit Card",3049.12,703189,7211
8509,"2023-11-27 07:29:11.567332","PayPal",3670.6,705125,1758
2848,"2023-10-02 03:54:20.22263","Credit Card",2889.8,705650,3743
5631,"2023-02-02 00:14:23.861538","PayPal",3174.53,705756,2887
4060,"2023-01-25 02:42:49.433049","PayPal",877.95,705756,4452
3692,"2023-06-07 01:35:40.033038","Credit Card",2192.22,705756,4180
2454,"2023-06-24 11:15:06.347964","Credit Card",2874.13,705761,8973
7482,"2023-05-31 20:48:59.966867","PayPal",1392.98,705761,8301
8678,"2023-03-08 02:00:03.822403","Debit Card",167.7,705819,8512
6258,"2023-11-24 23:54:12.99639","PayPal",199.31,705819,9900
1134,"2023-05-02 16:40:28.654063","PayPal",1807.89,705819,9486
9385,"2023-04-03 23:58:44.551284","Debit Card",1590.05,705964,7628
6051,"2023-06-29 23:29:03.288405","Debit Card",3871.8,706056,2116
6603,"2023-03-15 13:06:24.174185","Debit Card",407.9,706056,8714
2777,"2023-07-18 06:52:31.75794","PayPal",1180.35,706056,2265
1554,NA,"Debit Card",176.67,706373,4652
8377,"2023-12-06 17:02:02.605122","Debit Card",1021.59,707453,7229
1315,"2023-04-20 13:09:26.18913","Credit Card",149.11,707453,1987
6602,"2023-05-14 21:11:56.060731","Debit Card",1017.64,709984,4285
5665,"2023-11-05 22:33:28.709992","PayPal",1790.88,709984,3434
4389,"2023-11-25 16:20:27.863252","Debit Card",547.06,709984,5860
6158,"2023-07-28 02:57:32.434013","Debit Card",181.54,710604,5666
8921,"2023-04-27 16:15:30.052898","Debit Card",270.34,712540,5983
5293,"2023-05-29 14:52:08.296383","Debit Card",484.12,712540,7183
5708,"2023-10-19 19:25:43.193165","Credit Card",1113.01,712540,1851
1304,"2023-07-12 19:15:18.511701","PayPal",456.65,712746,4398
5884,"2023-08-13 04:09:24.599459","Debit Card",2321.9,712917,6114
4008,"2023-01-18 19:31:42.384076","Credit Card",231.28,712917,3219
2285,"2023-03-07 10:40:29.135211","Debit Card",4138.03,713161,4717
6171,"2023-08-11 09:17:21.62877","PayPal",2927.37,713861,4091
1202,"2023-09-28 00:33:33.154078","Debit Card",670.24,714028,2586
1812,"2023-03-19 00:27:46.578508","PayPal",87.32,714151,7877
9555,"2023-11-06 05:05:43.897846","Credit Card",739.4,714151,7208
7501,"2023-09-28 18:13:39.144943","Debit Card",2950.27,717625,4187
6328,"2023-06-06 19:15:32.701305","Debit Card",1653.57,717625,4140
3726,"2023-03-06 07:00:37.199362","PayPal",270.96,717788,6056
1439,"2023-11-05 19:43:37.937305","Credit Card",291.37,719365,4194
1204,"2023-09-05 07:36:57.883752","Debit Card",1522.36,720951,6933
4170,"2023-08-19 19:33:08.566589","Debit Card",2128.07,720951,2580
7854,"2023-08-19 11:26:59.104106","PayPal",1110.78,720951,7301
6668,"2023-09-25 02:33:28.510463","Debit Card",1438.54,721066,2344
5381,"2023-03-17 09:55:36.082408","Credit Card",4662.41,721066,8347
6797,"2023-03-01 01:41:34.695971","PayPal",3621.52,721066,2450
3263,"2023-03-04 11:31:07.34245","Credit Card",1087.44,721334,5357
9084,"2023-11-27 06:13:59.593032","Credit Card",1175.65,723115,9957
4059,"2023-10-09 02:22:17.044059","Debit Card",887.66,723791,7914
2988,"2023-07-09 00:20:27.32565","Credit Card",780.2,723927,1997
8077,"2023-09-04 15:12:43.025855","Debit Card",820.8,724496,3523
2465,"2023-05-05 12:01:00.988303","PayPal",236.87,724496,4230
6883,"2023-10-15 15:07:37.942055","PayPal",1602.32,724602,4232
9688,"2023-07-11 00:51:19.270323","PayPal",2137.65,724602,5993
5821,"2023-10-17 11:59:29.033642","PayPal",1348.38,724602,7111
4572,"2023-07-02 01:36:40.747917","PayPal",1469.27,724963,4151
9239,"2023-06-29 11:59:54.554043","Credit Card",3744.56,726870,7998
7120,"2023-08-04 01:00:45.661236","PayPal",971.24,726870,9045
7393,"2023-09-16 21:10:08.250774","Debit Card",1590.53,726870,3141
3262,"2023-03-30 04:05:32.702125","Credit Card",1023.9,729000,1635
3146,"2023-07-19 13:59:28.465322","Debit Card",95.55,729000,1431
2683,"2023-10-28 22:26:56.181323","Debit Card",283.5,729575,7756
7877,"2023-03-14 19:19:53.879328","PayPal",509.49,730486,1402
9606,"2023-03-28 20:01:22.124191","Debit Card",1392.91,730486,5375
4092,"2023-10-19 11:05:16.320064","Credit Card",843.33,730486,5424
6752,"2023-06-20 07:46:11.64134","PayPal",3741.66,730489,1921
4962,"2023-09-15 17:39:04.146965","PayPal",776.79,730489,1331
4854,"2023-11-19 05:35:24.810496","PayPal",1608.81,730489,7185
6882,"2023-09-17 02:45:25.021141","PayPal",916.56,731228,1646
6784,"2023-11-20 14:04:38.988442","Debit Card",1608.08,731228,3677
8781,"2023-05-08 04:40:29.996684","PayPal",114.32,731228,6951
9596,"2023-04-11 08:38:53.121496","Debit Card",2032.62,731589,9115
6781,"2023-03-02 15:46:01.126122","Debit Card",868.6,731589,4743
9999,"2023-10-26 19:01:49.792994","Debit Card",794.52,731589,3007
6950,"2023-10-20 15:14:34.946813","PayPal",1322,732316,3564
4448,"2023-10-04 12:50:23.63015","Credit Card",2479.16,732316,7924
8319,"2023-09-03 07:35:27.211844","PayPal",34.94,732316,3576
6311,"2023-05-07 05:37:14.757476","Debit Card",535.2,732807,8331
8140,"2023-11-15 13:56:17.241555","Credit Card",58.94,735768,7441
1363,"2023-10-03 08:13:02.366721","Debit Card",297.28,735768,9035
5610,"2023-04-26 00:41:17.133818","Credit Card",42.52,735931,3131
9653,"2023-05-13 19:06:27.503759","PayPal",1047.15,735931,3932
8439,"2023-12-19 18:11:00.421865","Debit Card",2445.47,735950,4829
